,new_plot_code,rai_2566,tons_per_rai_2566,cane_type_2566,soil_2566,cane_area_2566,rai_2567,tons_per_rai_2567,cane_type_2567,soil_2567,cane_area_2567,rai_2568,tons_per_rai_2568,cane_type_2568,soil_2568,cane_area_2568,water,average_yield,average_area,additional_yield,average_additional_water(mm),yield_probability
0,902115,หนองกระทุ่ม 1,12.694741004349543,อ้อยน้ำราด,เหนียว,25.29,หนองกระทุ่ม 1,9.202056148675366,อ้อยตอ 1,เหนียว,25.29,หนองกระทุ่ม 1,5.7407114624505935,อ้อยตอ 2,เหนียว,25.3,ชลประทาน (> 3 ครั้ง),9.212502871825167,25.293333333333333,2.123400125934138,472.96189276817734,0.40021125122570017
1,902114,หนองกระทุ่ม 1,16.15489361702128,อ้อยน้ำราด,เหนียว,11.75,หนองกระทุ่ม 1,8.69872340425532,อ้อยตอ 1,เหนียว,11.75,หนองกระทุ่ม 1,7.674893617021278,อ้อยตอ 2,เหนียว,11.75,ชลประทาน (> 3 ครั้ง),10.842836879432625,11.75,3.7537341335415952,317.6919872817528,1.0
2,902113,หนองกระทุ่ม 1,15.70897435897436,อ้อยน้ำราด,เหนียว,15.6,หนองกระทุ่ม 1,10.5666666666667,อ้อยตอ 1,เหนียว,15.6,หนองกระทุ่ม 1,6.373209169054441,อ้อยตอ 2,เหนียว,13.96,ชลประทาน (> 3 ครั้ง),10.8829500648985,15.053333333333333,3.7938473190074706,313.8716839040504,1.0
3,902112,หนองกระทุ่ม 1,17.230563002680967,อ้อยน้ำราด,เหนียว,11.19,หนองกระทุ่ม 1,5.941018766756033,อ้อยตอ 1,เหนียว,11.19,หนองกระทุ่ม 1,6.72027972027972,อ้อยตอ 2,เหนียว,8.58,ชลประทาน (> 3 ครั้ง),9.963953829905572,10.32,2.8748510840145425,401.3951348557579,1.0
4,902111,หนองกระทุ่ม 1,11.443653846153843,อ้อยน้ำราด,เหนียว,52.0,หนองกระทุ่ม 1,8.46289445048966,อ้อยตอ 1,เหนียว,45.95,หนองกระทุ่ม 1,7.0979877515310585,อ้อยน้ำราด,เหนียว,45.72,ชลประทาน (> 3 ครั้ง),9.001512016058188,47.89000000000001,1.9124092701671582,493.05625998408016,0.35903293861350316
5,902105,หนองกระทุ่ม 1,14.12614379084967,อ้อยตอ 1,เหนียว,61.2,หนองกระทุ่ม 1,8.47173202614379,อ้อยตอ 2,เหนียว,61.2,หนองกระทุ่ม 1,10.092156862745098,อ้อยน้ำราด,เหนียว,61.2,ชลประทาน (> 3 ครั้ง),10.896677559912852,61.20000000000001,3.807574814021823,312.56430342649304,1.0
6,902106,หนองกระทุ่ม 1,14.180793060718717,อ้อยตอ 2,เหนียว,80.7,หนองกระทุ่ม 1,12.163444857496904,อ้อยน้ำราด,เหนียว,80.7,หนองกระทุ่ม 1,10.181040892193304,อ้อยตอ 1,เหนียว,80.7,ชลประทาน (> 3 ครั้ง),12.175092936802974,80.7,5.085990190911945,190.8104580083862,1.0
7,902104,หนองกระทุ่ม 1,11.602008215426746,อ้อยตอ 2,เหนียว,21.91,หนองกระทุ่ม 1,8.354176175262438,อ้อยต้นฝน,เหนียว,21.91,หนองกระทุ่ม 1,8.123687813783661,อ้อยตอ 1,เหนียว,21.91,ชลประทาน (> 3 ครั้ง),9.359957401490949,21.91,2.270854655599919,458.9186042285791,0.42969457800288546
8,902101,หนองกระทุ่ม 1,13.893129770992369,อ้อยตอ 2,เหนียว,15.72,หนองกระทุ่ม 1,8.38295165394402,อ้อยตอ 3,เหนียว,15.72,หนองกระทุ่ม 1,11.11723700887199,อ้อยน้ำราด,เหนียว,15.78,ชลประทาน (> 3 ครั้ง),11.131106144602791,15.74,4.042003398711762,290.2377715512608,1.0
9,902102,หนองกระทุ่ม 1,11.62604540023895,อ้อยตอ 2,เหนียว,8.37,หนองกระทุ่ม 1,13.154121863799284,อ้อยตอ 3,เหนียว,8.37,หนองกระทุ่ม 1,9.08004778972521,อ้อยน้ำราด,เหนียว,8.37,ชลประทาน (> 3 ครั้ง),11.28673835125448,8.37,4.19763560536345,275.4156566320524,1.0
10,902137,หนองกระทุ่ม 1,14.32023868722029,อ้อยตอ 2,เหนียว,20.11,หนองกระทุ่ม 1,10.339134758826454,อ้อยตอ 3,เหนียว,20.11,หนองกระทุ่ม 1,8.809779951100243,อ้อยตอ 4,เหนียว,20.45,น้ำเสริม (1-3 ครั้ง),11.15638446571566,20.223333333333333,4.067281719824631,287.83031239765415,1.0
11,902138,หนองกระทุ่ม 1,17.04569732937685,อ้อยตอ 2,เหนียว,33.7,หนองกระทุ่ม 1,10.374777448071216,อ้อยตอ 3,เหนียว,33.7,หนองกระทุ่ม 1,8.986646884272995,อ้อยตอ 4,เหนียว,33.7,ชลประทาน (> 3 ครั้ง),12.135707220573686,33.7,5.046604474682656,194.5614786016518,1.0
12,902139,หนองกระทุ่ม 1,14.734400434074876,อ้อยตอ 2,เหนียว,36.86,หนองกระทุ่ม 1,9.494574064026043,อ้อยตอ 3,เหนียว,36.86,หนองกระทุ่ม 1,8.202658708627238,อ้อยตอ 4,เหนียว,36.86,ชลประทาน (> 3 ครั้ง),10.81054440224272,36.86,3.72144165635169,320.76746129983906,1.0
13,902136,หนองกระทุ่ม 1,13.8814825666569,อ้อยน้ำราด,เหนียว,68.26,หนองกระทุ่ม 1,29.466,อ้อยตอ 1,เหนียว,5.0,หนองกระทุ่ม 1,9.715206563140931,อ้อยน้ำราด,เหนียว,68.26,ชลประทาน (> 3 ครั้ง),17.687563043265943,47.17333333333334,10.598460297374913,0.0,1.0
14,902123,หนองกระทุ่ม 1,17.177133655394524,อ้อยน้ำราด,เหนียว,12.42,หนองกระทุ่ม 1,8.15619967793881,อ้อยตอ 1,เหนียว,12.42,หนองกระทุ่ม 1,5.248181083265966,อ้อยน้ำราด,เหนียว,12.37,ชลประทาน (> 3 ครั้ง),10.193838138866434,12.403333333333334,3.104735392975405,379.50139114519953,1.0
15,902124,หนองกระทุ่ม 1,14.136693072644531,อ้อยน้ำราด,เหนียว,59.33,หนองกระทุ่ม 1,7.656666104837349,อ้อยตอ 1,เหนียว,59.33,หนองกระทุ่ม 1,5.215573908646554,อ้อยตอ 2,เหนียว,59.33,ชลประทาน (> 3 ครั้ง),9.002977695376146,59.330000000000005,1.9138749494851162,492.91667147760796,0.35931402804102663
16,902116,หนองกระทุ่ม 1,11.681969949916526,อ้อยตอ 1,เหนียว,11.98,หนองกระทุ่ม 1,9.032554257095155,อ้อยตอ 2,เหนียว,11.98,หนองกระทุ่ม 1,2.4565943238731216,อ้อยตอ 3,เหนียว,11.98,ชลประทาน (> 3 ครั้ง),7.723706176961602,11.979999999999999,0.6346034310705724,614.752054183755,0.154672547940499
17,902117,หนองกระทุ่ม 1,14.125445897740782,อ้อยตอ 1,เหนียว,16.82,หนองกระทุ่ม 1,5.925089179548157,อ้อยตอ 2,เหนียว,16.82,หนองกระทุ่ม 1,,อ้อยตอ 3,เหนียว,0.0,ชลประทาน (> 3 ครั้ง),10.025267538644469,11.213333333333333,2.9361647927534396,395.55573402348193,1.0
18,902118,หนองกระทุ่ม 1,17.056695992179865,อ้อยตอ 1,เหนียว,10.23,หนองกระทุ่ม 1,10.634408602150538,อ้อยตอ 2,เหนียว,10.23,หนองกระทุ่ม 1,,อ้อยตอ 3,เหนียว,0.0,ชลประทาน (> 3 ครั้ง),13.845552297165202,6.82,6.756449551274173,31.719090354840688,1.0
19,902119,หนองกระทุ่ม 1,11.936567164179104,อ้อยน้ำราด,เหนียว,5.36,หนองกระทุ่ม 1,17.533582089552237,อ้อยตอ 1,เหนียว,5.36,หนองกระทุ่ม 1,5.867783985102421,อ้อยตอ 2,เหนียว,5.37,ชลประทาน (> 3 ครั้ง),11.779311079611254,5.363333333333333,4.690208333720225,228.50396821712144,1.0
20,902121,หนองกระทุ่ม 1,11.323232323232324,อ้อยตอ 2,เหนียว,13.86,หนองกระทุ่ม 1,16.451659451659452,อ้อยน้ำราด,เหนียว,13.86,หนองกระทุ่ม 1,10.647653429602888,อ้อยตอ 1,เหนียว,13.85,ชลประทาน (> 3 ครั้ง),12.80751506816489,13.856666666666667,5.71841232227386,130.57977883106096,1.0
21,902131,หนองกระทุ่ม 1,11.680755395683454,อ้อยตอ 2,เหนียว,11.12,หนองกระทุ่ม 1,8.526978417266188,อ้อยตอ 3,เหนียว,11.12,หนองกระทุ่ม 1,7.610619469026548,อ้อยน้ำราด,เหนียว,11.3,ชลประทาน (> 3 ครั้ง),9.272784427325396,11.18,2.1836816814343667,467.220792244346,0.4122059394927693
22,902132,หนองกระทุ่ม 1,13.294506402313091,อ้อยตอ 2,เหนียว,24.21,หนองกระทุ่ม 1,9.115654688145394,อ้อยตอ 3,เหนียว,24.21,หนองกระทุ่ม 1,9.473071951744938,อ้อยน้ำราด,เหนียว,23.21,ชลประทาน (> 3 ครั้ง),10.627744347401142,23.876666666666665,3.538641601510113,338.17699033237017,1.0
23,902133,หนองกระทุ่ม 1,13.248447204968944,อ้อยตอ 2,เหนียว,24.15,หนองกระทุ่ม 1,7.655072463768115,อ้อยตอ 3,เหนียว,24.15,หนองกระทุ่ม 1,7.06900826446281,อ้อยน้ำราด,เหนียว,24.2,ชลประทาน (> 3 ครั้ง),9.324175977733288,24.166666666666668,2.235073231842259,462.32635887216577,0.42249735218728013
24,902134,หนองกระทุ่ม 1,12.587677725118484,อ้อยตอ 2,เหนียว,25.32,หนองกระทุ่ม 1,7.27132701421801,อ้อยตอ 3,เหนียว,25.32,หนองกระทุ่ม 1,7.044740024183796,อ้อยน้ำราด,เหนียว,24.81,ชลประทาน (> 3 ครั้ง),8.96791492117343,25.150000000000002,1.8788121752824,496.25598330643805,0.35261085033773065
25,902135,หนองกระทุ่ม 1,12.74106433677522,อ้อยตอ 2,เหนียว,25.18,หนองกระทุ่ม 1,10.598490865766482,อ้อยน้ำราด,เหนียว,25.18,หนองกระทุ่ม 1,9.506740681998414,อ้อยตอ 1,เหนียว,25.22,ชลประทาน (> 3 ครั้ง),10.948765294846707,25.19333333333333,3.8596625489556775,307.60356676612594,1.0
26,902122,หนองกระทุ่ม 1,11.1885593220339,อ้อยน้ำราด,เหนียว,9.44,หนองกระทุ่ม 1,10.210805084745765,อ้อยตอ 1,เหนียว,9.44,หนองกระทุ่ม 1,6.585026737967914,อ้อยตอ 2,เหนียว,9.35,ชลประทาน (> 3 ครั้ง),9.328130381582527,9.409999999999998,2.2390276356914978,461.9497489817621,0.4232915326806372
27,902125,หนองกระทุ่ม 1,18.799720865317514,อ้อยตุลาคม,เหนียว,28.66,หนองกระทุ่ม 1,10.564200976971389,อ้อยตอ 1,เหนียว,28.66,หนองกระทุ่ม 1,4.154811715481172,อ้อยตอ 2,เหนียว,28.68,ชลประทาน (> 3 ครั้ง),11.17291118592336,28.666666666666668,4.08380844003233,286.25633904453997,1.0
28,902128,หนองกระทุ่ม 1,12.154122621564484,อ้อยตอ 1,เหนียว,141.9,หนองกระทุ่ม 1,8.101127554615926,อ้อยตอ 2,เหนียว,141.9,หนองกระทุ่ม 1,6.173726125872156,อ้อยน้ำราด,เหนียว,141.89,ชลประทาน (> 3 ครั้ง),8.809658767350856,141.89666666666668,1.7205560214598261,511.327997956207,0.3229478748317999
29,902129,หนองกระทุ่ม 1,10.71868686868687,อ้อยตอ 1,เหนียว,19.8,หนองกระทุ่ม 1,8.161111111111111,อ้อยน้ำราด,เหนียว,19.8,หนองกระทุ่ม 1,4.616120906801007,อ้อยตอ 1,เหนียว,19.85,ชลประทาน (> 3 ครั้ง),7.831972962199663,19.816666666666666,0.742870216308634,604.4409317801301,0.16826273210944565
30,902130,หนองกระทุ่ม 1,12.938300349243308,อ้อยน้ำราด,เหนียว,17.18,หนองกระทุ่ม 1,8.119906868451688,อ้อยตอ 1,เหนียว,17.18,หนองกระทุ่ม 1,5.927787406123628,อ้อยตอ 2,เหนียว,17.31,ชลประทาน (> 3 ครั้ง),8.995331541272874,17.223333333333333,1.9062287953818444,493.64487663030053,0.35784848191991125
31,906105,หนองกระทุ่ม 2,4.36986301369863,อ้อยตอ 3,เหนียว,7.3,หนองกระทุ่ม 2,9.152054794520549,อ้อยน้ำราด,เหนียว,7.3,หนองกระทุ่ม 2,13.17945205479452,อ้อยตอ 1,เหนียว,7.3,ชลประทาน (> 3 ครั้ง),8.900456621004567,7.3,1.8113538751135376,502.6805833225202,0.3398438530891864
32,906106,หนองกระทุ่ม 2,11.188729874776389,อ้อยตอ 3,เหนียว,11.18,หนองกระทุ่ม 2,8.295169946332736,อ้อยน้ำราด,เหนียว,11.18,หนองกระทุ่ม 2,9.24307417336908,อ้อยตอ 1,เหนียว,11.19,ชลประทาน (> 3 ครั้ง),9.575657998159402,11.183333333333332,2.4865552522683725,438.375690260155,0.47349346210717413
33,906107,หนองกระทุ่ม 2,12.314659685863871,อ้อยตอ 3,เหนียว,19.1,หนองกระทุ่ม 2,3.251832460732984,อ้อยตอ 4,เหนียว,19.1,หนองกระทุ่ม 2,9.55503875968992,อ้อยน้ำราด,เหนียว,19.35,ชลประทาน (> 3 ครั้ง),8.373843635428925,19.183333333333334,1.2847408895378951,552.8342009963909,0.24728528874250943
34,906108,หนองกระทุ่ม 2,13.25049407114625,อ้อยตอ 1,เหนียว,40.48,หนองกระทุ่ม 2,6.950592885375493,อ้อยตอ 2,เหนียว,40.48,หนองกระทุ่ม 2,9.808674101610904,อ้อยน้ำราด,เหนียว,40.35,ชลประทาน (> 3 ครั้ง),10.003253686044216,40.43666666666667,2.9141509401531867,397.6522914139822,1.0
35,906104,หนองกระทุ่ม 2,15.542759407069555,อ้อยน้ำราด,เหนียว,17.54,หนองกระทุ่ม 2,4.996009122006842,อ้อยตอ 1,เหนียว,17.54,หนองกระทุ่ม 2,6.948717948717949,อ้อยน้ำราด,เหนียว,17.55,ชลประทาน (> 3 ครั้ง),9.162495492598115,17.543333333333333,2.0733927467070856,477.72450031361086,0.39033131759268813
36,906103,หนองกระทุ่ม 2,13.89416553595658,อ้อยน้ำราด,เหนียว,7.37,หนองกระทุ่ม 2,4.436906377204885,อ้อยตอ 1,เหนียว,7.37,หนองกระทุ่ม 2,13.397622192866578,อ้อยน้ำราด,เหนียว,7.57,ชลประทาน (> 3 ครั้ง),10.576231368676014,7.436666666666667,3.4871286227849847,343.0829883061919,1.0
37,906109,หนองกระทุ่ม 2,12.58899923605806,อ้อยตอ 1,เหนียว,26.18,หนองกระทุ่ม 2,6.947288006111536,อ้อยตอ 2,เหนียว,26.18,หนองกระทุ่ม 2,8.312452253628726,อ้อยน้ำราด,เหนียว,26.18,ชลประทาน (> 3 ครั้ง),9.282913165266107,26.179999999999996,2.193810419375078,466.25615053570687,0.4142297345675324
38,906110,หนองกระทุ่ม 2,12.87481633852483,อ้อยตอ 1,เหนียว,34.03,หนองกระทุ่ม 2,5.536879224213929,อ้อยตอ 2,เหนียว,34.03,หนองกระทุ่ม 2,8.83731778425656,อ้อยน้ำราด,เหนียว,34.3,ชลประทาน (> 3 ครั้ง),9.08300444899844,34.12,1.9939017031074098,485.2950758945324,0.3747734490236756
39,906111,หนองกระทุ่ม 2,15.151674326986212,อ้อยตุลาคม,เหนียว,15.23,หนองกระทุ่ม 2,7.613263296126066,อ้อยตอ 1,เหนียว,15.23,หนองกระทุ่ม 2,,อ้อยตอ 2,เหนียว,0.0,ชลประทาน (> 3 ครั้ง),11.382468811556139,10.153333333333334,4.29336606566511,266.2984699366562,1.0
40,906112,หนองกระทุ่ม 2,9.46916890080429,อ้อยตอ 1,เหนียว,7.46,หนองกระทุ่ม 2,3.627345844504021,อ้อยตอ 2,เหนียว,7.46,หนองกระทุ่ม 2,,พักดิน,เหนียว,,ชลประทาน (> 3 ครั้ง),6.548257372654155,7.46,0.0,675.1904761904761,0.05265511018510781
41,906114,หนองกระทุ่ม 2,13.49034749034749,อ้อยตอ 2,เหนียว,10.36,หนองกระทุ่ม 2,3.095559845559846,อ้อยตอ 3,เหนียว,10.36,หนองกระทุ่ม 2,13.045366795366796,อ้อยน้ำราด,เหนียว,10.36,ชลประทาน (> 3 ครั้ง),9.877091377091377,10.36,2.7879886312003475,409.6677494094907,1.0
42,906119,หนองกระทุ่ม 2,7.486278814489572,อ้อยตอ 2,เหนียว,27.33,หนองกระทุ่ม 2,8.7596048298573,อ้อยต้นฝน,เหนียว,27.33,หนองกระทุ่ม 2,10.942188071716064,อ้อยตอ 1,เหนียว,27.33,ชลประทาน (> 3 ครั้ง),9.062690572020978,27.33,1.9735878261299487,487.2297308447668,0.3708290095275236
43,906113,หนองกระทุ่ม 2,14.724437998549671,อ้อยตุลาคม,เหนียว,13.79,หนองกระทุ่ม 2,3.2168237853517043,อ้อยตอ 1,เหนียว,13.79,หนองกระทุ่ม 2,,พักดิน,เหนียว,,ชลประทาน (> 3 ครั้ง),8.970630891950687,13.79,1.881528146059658,495.9973194228897,0.3531284796841527
44,906118,หนองกระทุ่ม 2,15.610483506552194,อ้อยตุลาคม,เหนียว,22.13,หนองกระทุ่ม 2,8.034342521464076,อ้อยต้นฝน,เหนียว,22.13,หนองกระทุ่ม 2,15.783795881826322,อ้อยตอ 1,เหนียว,22.34,ชลประทาน (> 3 ครั้ง),13.14287396994753,22.2,6.053771224056501,98.6408358041428,1.0
45,906120,หนองกระทุ่ม 2,13.386597938144329,อ้อยตอ 1,เหนียว,17.46,หนองกระทุ่ม 2,3.59163802978236,อ้อยตอ 2,เหนียว,17.46,หนองกระทุ่ม 2,8.639175257731958,อ้อยน้ำราด,เหนียว,17.46,ชลประทาน (> 3 ครั้ง),8.53913707521955,17.46,1.4500343293285205,537.091968635379,0.27483424582561566
46,906123,หนองกระทุ่ม 2,14.808823529411766,อ้อยตอ 1,เหนียว,40.8,หนองกระทุ่ม 2,9.010349541105253,อ้อยน้ำราด,เหนียว,51.21,หนองกระทุ่ม 2,8.873422636381285,อ้อยตอ 1,เหนียว,51.51,ชลประทาน (> 3 ครั้ง),10.897531902299434,47.839999999999996,3.8084291564084047,312.4829374849138,1.0
47,906124,หนองกระทุ่ม 2,4.603571428571429,อ้อยตอ 3,เหนียว,14.0,หนองกระทุ่ม 2,6.5321428571428575,อ้อยน้ำราด,เหนียว,14.0,หนองกระทุ่ม 2,5.811965811965812,อ้อยตอ 1,เหนียว,14.04,ชลประทาน (> 3 ครั้ง),5.649226699226699,14.013333333333334,0.0,675.1904761904761,0.018723056844670165
48,906129,หนองกระทุ่ม 2,15.741076830006053,อ้อยน้ำราด,เหนียว,66.12,หนองกระทุ่ม 2,4.459467634603751,อ้อยตอ 1,เหนียว,66.12,หนองกระทุ่ม 2,13.068814277071988,อ้อยน้ำราด,เหนียว,66.12,ชลประทาน (> 3 ครั้ง),11.089786247227265,66.12,4.000683501336235,294.1729998727395,1.0
49,906126,หนองกระทุ่ม 2,13.802557240559022,อ้อยน้ำราด,เหนียว,33.63,หนองกระทุ่ม 2,4.994944989592625,อ้อยตอ 1,เหนียว,33.63,หนองกระทุ่ม 2,13.25489457831325,อ้อยน้ำราด,เหนียว,26.56,ชลประทาน (> 3 ครั้ง),10.6841322694883,31.273333333333337,3.5950295235972707,332.80671203835516,1.0
50,906125,หนองกระทุ่ม 2,14.40193842645382,อ้อยน้ำราด,เหนียว,35.08,หนองกระทุ่ม 2,6.428449258836946,อ้อยตอ 1,เหนียว,35.08,หนองกระทุ่ม 2,7.7048856255295135,อ้อยน้ำราด,เหนียว,35.41,ชลประทาน (> 3 ครั้ง),9.511757770273427,35.19,2.422655024382397,444.46142624929547,0.4604604760824062
51,906148,หนองกระทุ่ม 2,10.819648093841645,อ้อยน้ำราด,เหนียว,6.82,หนองกระทุ่ม 2,4.469208211143695,อ้อยตอ 1,เหนียว,6.82,หนองกระทุ่ม 2,9.095168374816984,อ้อยน้ำราด,เหนียว,6.83,ชลประทาน (> 3 ครั้ง),8.128008226600775,6.823333333333333,1.0389054807097455,576.2470970752623,0.2092063134440056
52,906149,หนองกระทุ่ม 2,23.36105476673428,อ้อยน้ำราด,เหนียว,9.86,หนองกระทุ่ม 2,6.342799188640974,อ้อยตอ 1,เหนียว,9.86,หนองกระทุ่ม 2,9.444444444444445,อ้อยน้ำราด,เหนียว,9.81,ชลประทาน (> 3 ครั้ง),13.0494327999399,9.843333333333334,5.960330054048871,107.53999485248848,1.0
53,906150,หนองกระทุ่ม 2,15.748414376321357,อ้อยน้ำราด,เหนียว,9.46,หนองกระทุ่ม 2,8.691331923890063,อ้อยตอ 1,เหนียว,9.46,หนองกระทุ่ม 2,6.781380753138075,อ้อยน้ำราด,เหนียว,9.56,ชลประทาน (> 3 ครั้ง),10.407042351116496,9.493333333333334,3.317939605225467,359.19622807376504,1.0
54,906151,หนองกระทุ่ม 2,13.167462482946792,อ้อยน้ำราด,เหนียว,29.32,หนองกระทุ่ม 2,7.918144611186903,อ้อยตอ 1,เหนียว,29.32,หนองกระทุ่ม 2,13.153819918144611,อ้อยน้ำราด,เหนียว,29.32,น้ำเสริม (1-3 ครั้ง),11.413142337426102,29.320000000000004,4.3240395915350724,263.3771817585645,1.0
55,906154,หนองกระทุ่ม 2,12.58489555436529,อ้อยตอ 2,เหนียว,18.67,หนองกระทุ่ม 2,6.791108730583823,อ้อยตอ 3,เหนียว,18.67,หนองกระทุ่ม 2,9.643813604713444,อ้อยน้ำราด,เหนียว,18.67,ชลประทาน (> 3 ครั้ง),9.673272629887519,18.67,2.5841698839964895,429.079058667001,0.4934529335773238
56,906133,หนองกระทุ่ม 2,13.71311475409836,อ้อยตอ 1,เหนียว,21.96,หนองกระทุ่ม 2,4.163479052823315,อ้อยตอ 2,เหนียว,21.96,หนองกระทุ่ม 2,,พักดิน,เหนียว,,ชลประทาน (> 3 ครั้ง),8.938296903460838,21.96,1.8491941575698085,499.07674689811347,0.34698392407762324
57,906130,หนองกระทุ่ม 2,12.130307855626326,อ้อยน้ำราด,เหนียว,37.68,หนองกระทุ่ม 2,5.332802547770701,อ้อยตอ 1,เหนียว,37.68,หนองกระทุ่ม 2,,พักดิน,เหนียว,,ชลประทาน (> 3 ครั้ง),8.731555201698512,37.68,1.642452455807483,518.7664327802397,0.30869924153423556
58,906131,หนองกระทุ่ม 2,12.610878661087868,อ้อยตอ 1,เหนียว,21.51,หนองกระทุ่ม 2,4.495583449558345,อ้อยตอ 2,เหนียว,21.51,หนองกระทุ่ม 2,,พักดิน,เหนียว,,ชลประทาน (> 3 ครั้ง),8.553231055323106,21.51,1.464128309432077,535.7496848159926,0.2772513901911619
59,906136,หนองกระทุ่ม 2,14.093917274939171,อ้อยน้ำราด,เหนียว,20.55,หนองกระทุ่ม 2,4.748418491484185,อ้อยตอ 1,เหนียว,20.55,หนองกระทุ่ม 2,,พักดิน,เหนียว,,ชลประทาน (> 3 ครั้ง),9.421167883211679,20.55,2.332065137320649,453.08903454089057,0.44205976627583
60,906140,หนองกระทุ่ม 2,14.650413002930986,อ้อยน้ำราด,เหนียว,37.53,หนองกระทุ่ม 2,6.1993072208899545,อ้อยตอ 1,เหนียว,37.53,หนองกระทุ่ม 2,,พักดิน,เหนียว,,ชลประทาน (> 3 ครั้ง),10.42486011191047,37.53,3.3357573660194397,357.49929847433907,1.0
61,906134,หนองกระทุ่ม 2,19.75388601036269,อ้อยตุลาคม,เหนียว,19.3,หนองกระทุ่ม 2,9.467357512953368,อ้อยตอ 1,เหนียว,19.3,หนองกระทุ่ม 2,,พักดิน,เหนียว,,ชลประทาน (> 3 ครั้ง),14.610621761658031,19.3,7.5215190157670015,0.0,1.0
62,906135,หนองกระทุ่ม 2,11.02762730227519,อ้อยน้ำราด,เหนียว,18.46,หนองกระทุ่ม 2,8.82177681473456,อ้อยตอ 1,เหนียว,18.46,หนองกระทุ่ม 2,,พักดิน,เหนียว,,ชลประทาน (> 3 ครั้ง),9.924702058504876,18.46,2.835599312613846,405.1333987986813,1.0
63,906139,หนองกระทุ่ม 2,12.484439834024895,อ้อยน้ำราด,เหนียว,19.28,หนองกระทุ่ม 2,3.2764522821576763,อ้อยตอ 1,เหนียว,19.28,หนองกระทุ่ม 2,,พักดิน,เหนียว,,ชลประทาน (> 3 ครั้ง),7.880446058091286,19.28,0.7913433122002562,599.8244464571185,0.1745889787429208
64,906138,หนองกระทุ่ม 2,15.409495548961422,อ้อยน้ำราด,เหนียว,33.7,หนองกระทุ่ม 2,5.490504451038575,อ้อยตอ 1,เหนียว,33.7,หนองกระทุ่ม 2,,พักดิน,เหนียว,,ชลประทาน (> 3 ครั้ง),10.45,33.7,3.36089725410897,355.10502341819335,1.0
65,906143,หนองกระทุ่ม 2,12.26502213788741,อ้อยตอ 2,เหนียว,15.81,หนองกระทุ่ม 2,6.229601518026566,อ้อยตอ 3,เหนียว,15.81,หนองกระทุ่ม 2,,พักดิน,เหนียว,,ชลประทาน (> 3 ครั้ง),9.247311827956988,15.81,2.1582090820659587,469.6467540889563,0.40712675226462086
66,906128,หนองกระทุ่ม 2,11.21176720475786,อ้อยตอ 1,เหนียว,47.08,หนองกระทุ่ม 2,2.654842820730672,อ้อยตอ 2,เหนียว,47.08,หนองกระทุ่ม 2,,อ้อยน้ำราด,เหนียว,0.0,ชลประทาน (> 3 ครั้ง),6.933305012744266,31.386666666666667,0.0,675.1904761904761,0.07749913266443524
67,906153,หนองกระทุ่ม 2,14.092896174863386,อ้อยตอ 1,เหนียว,42.09,หนองกระทุ่ม 2,8.776906628652883,อ้อยตอ 2,เหนียว,42.09,หนองกระทุ่ม 2,11.77856973152768,อ้อยน้ำราด,เหนียว,42.09,ชลประทาน (> 3 ครั้ง),11.549457511681316,42.09,4.460354765790287,250.39478421044888,1.0
68,906127,หนองกระทุ่ม 2,17.102678571428573,อ้อยน้ำราด,เหนียว,13.44,หนองกระทุ่ม 2,5.135416666666668,อ้อยตอ 1,เหนียว,13.44,หนองกระทุ่ม 2,7.863501483679524,อ้อยน้ำราด,เหนียว,13.48,ชลประทาน (> 3 ครั้ง),10.033865573924922,13.453333333333333,2.944762828033893,394.73687352058164,1.0
69,906101,หนองกระทุ่ม 2,13.351704429475404,อ้อยน้ำราด,เหนียว,48.99,หนองกระทุ่ม 2,4.743212900591958,อ้อยตอ 1,เหนียว,48.99,หนองกระทุ่ม 2,15.154837390059312,อ้อยน้ำราด,เหนียว,48.89,ชลประทาน (> 3 ครั้ง),11.083251573375557,48.95666666666667,3.994148827484528,294.7953497633783,1.0
70,906122,หนองกระทุ่ม 2,11.450413223140496,อ้อยตอ 1,เหนียว,14.52,หนองกระทุ่ม 2,6.772340425531914,อ้อยตอ 2,เหนียว,4.7,หนองกระทุ่ม 2,18.850427350427356,อ้อยน้ำราด,เหนียว,4.68,ชลประทาน (> 3 ครั้ง),12.35772699969992,7.966666666666666,5.268624253808891,173.41673773248655,1.0
71,906116,หนองกระทุ่ม 2,15.39550486413955,อ้อยตอ 1,เหนียว,29.81,หนองกระทุ่ม 2,7.798965517241378,อ้อยตอ 2,เหนียว,29.0,หนองกระทุ่ม 2,9.383713136729222,อ้อยตอ 3,เหนียว,29.84,ชลประทาน (> 3 ครั้ง),10.859394506036717,29.55,3.770291760145687,316.1150704623155,1.0
72,906137,หนองกระทุ่ม 2,13.963066025803188,อ้อยตอ 2,เหนียว,39.53,หนองกระทุ่ม 2,5.679483936250948,อ้อยตอ 3,เหนียว,39.53,หนองกระทุ่ม 2,11.85028332836266,อ้อยน้ำราด,เหนียว,33.53,ชลประทาน (> 3 ครั้ง),10.4976110968056,37.53,3.4085083509145697,350.57063324623147,1.0
73,903101,หนองขอน,15.108885017421605,อ้อยน้ำราด,เหนียว,11.48,หนองขอน,10.998257839721251,อ้อยตอ 1,เหนียว,11.48,หนองขอน,4.912020905923344,อ้อยตอ 2,เหนียว,11.48,ชลประทาน (> 3 ครั้ง),10.3397212543554,11.479999999999999,3.2506185084643704,365.6077610986314,1.0
74,903102,หนองขอน,14.576597382602,อ้อยตุลาคม,เหนียว,12.99,หนองขอน,5.02540415704388,อ้อยตอ 1,เหนียว,12.99,หนองขอน,9.814241001564945,อ้อยน้ำราด,เหนียว,12.78,น้ำเสริม (1-3 ครั้ง),9.805414180403607,12.92,2.716311434512578,416.49414909404015,1.0
75,903103,หนองขอน,14.573732718894007,อ้อยตอ 3,เหนียว,4.34,หนองขอน,9.352534562211982,อ้อยน้ำราด,เหนียว,4.34,หนองขอน,6.504405286343612,อ้อยตอ 1,เหนียว,4.54,น้ำเสริม (1-3 ครั้ง),10.143557522483201,4.406666666666666,3.0544547765921717,384.29002127693605,1.0
76,903104,หนองขอน,14.257709251101325,อ้อยตอ 1,เหนียว,13.62,หนองขอน,7.618208516886931,อ้อยน้ำราด,เหนียว,13.62,หนองขอน,8.514684287812042,อ้อยตอ 1,เหนียว,13.62,น้ำเสริม (1-3 ครั้ง),10.130200685266766,13.62,3.041097939375737,385.56210101183456,1.0
77,903105,หนองขอน,14.156407969075229,อ้อยตอ 3,เหนียว,33.63,หนองขอน,10.58825396825397,อ้อยน้ำราด,เหนียว,31.5,หนองขอน,12.2483135239319,อ้อยตอ 1,เหนียว,31.13,น้ำเสริม (1-3 ครั้ง),12.330991820420365,32.086666666666666,5.241889074529336,175.96294528292037,1.0
78,903107,หนองขอน,11.62668010752688,อ้อยตอ 2,เหนียว,29.76,หนองขอน,10.944556451612902,อ้อยต้นฝน,เหนียว,29.76,หนองขอน,11.564516129032258,อ้อยตอ 1,เหนียว,29.76,ชลประทาน (> 3 ครั้ง),11.37858422939068,29.76,4.289481483499651,266.6684301428904,1.0
79,903108,หนองขอน,10.06618181818182,อ้อยน้ำราด,เหนียว,13.75,หนองขอน,6.850181818181818,อ้อยตอ 1,เหนียว,13.75,หนองขอน,15.202173913043476,อ้อยน้ำราด,เหนียว,13.8,น้ำเสริม (1-3 ครั้ง),10.706179183135704,13.766666666666666,3.617076437244675,330.7070059766976,1.0
80,903134,หนองขอน,11.578947368421051,อ้อยตอ 1,เหนียว,19.57,หนองขอน,6.243740419008686,อ้อยตอ 2,เหนียว,19.57,หนองขอน,8.93469387755102,อ้อยน้ำราด,เหนียว,19.6,น้ำเสริม (1-3 ครั้ง),8.919127221660252,19.580000000000002,1.830024475769223,500.9024308791216,0.34335981778934643
81,903137,หนองขอน,12.903381642512077,อ้อยตอ 1,เหนียว,6.21,หนองขอน,13.52818035426731,อ้อยตอ 2,เหนียว,6.21,หนองขอน,2.9254571026722926,อ้อยต้นฝน,เหนียว,7.11,น้ำเสริม (1-3 ครั้ง),9.78567303315056,6.510000000000001,2.696570287259531,418.3742583562351,1.0
82,903139,หนองขอน,12.41026468689477,อ้อยตุลาคม,เหนียว,30.98,หนองขอน,5.248547449967722,อ้อยตอ 1,เหนียว,30.98,หนองขอน,,พักดิน,เหนียว,,น้ำเสริม (1-3 ครั้ง),8.829406068431247,30.98,1.7403033225402176,509.4473026152174,0.3265930736840667
83,903140,หนองขอน,10.911206896551723,อ้อยตอ 1,เหนียว,11.6,หนองขอน,3.578448275862069,อ้อยตอ 2,เหนียว,11.6,หนองขอน,,พักดิน,เหนียว,,น้ำเสริม (1-3 ครั้ง),7.244827586206896,11.6,0.15572484031586686,660.3595390175365,0.1034247279693229
84,903124,หนองขอน,5.198369565217392,อ้อยตอ 2,เหนียว,11.04,หนองขอน,11.07214611872146,อ้อยตุลาคม,เหนียว,32.85,หนองขอน,10.55281582952816,อ้อยน้ำราด,เหนียว,32.85,ชลประทาน (> 3 ครั้ง),8.941110504489004,25.580000000000002,1.8520077585979742,498.808784895431,0.3475170364215171
85,903126,หนองขอน,15.110294117647056,อ้อยตอ 1,เหนียว,14.96,หนองขอน,5.366978609625668,อ้อยตอ 2,เหนียว,14.96,หนองขอน,11.881684491978609,อ้อยน้ำราด,เหนียว,14.96,ชลประทาน (> 3 ครั้ง),10.786319073083776,14.96,3.6972163271927467,323.0746355054527,1.0
86,903127,หนองขอน,11.350824587706146,อ้อยน้ำราด,เหนียว,20.01,หนองขอน,6.152423788105946,อ้อยตอ 1,เหนียว,20.01,หนองขอน,14.97310756972112,อ้อยน้ำราด,เหนียว,20.08,ชลประทาน (> 3 ครั้ง),10.825451981844404,20.033333333333335,3.7363492359533748,319.3476918139643,1.0
87,903128,หนองขอน,16.850508905852415,อ้อยน้ำราด,เหนียว,15.72,หนองขอน,4.823155216284987,อ้อยตอ 1,เหนียว,15.72,หนองขอน,10.003809523809524,อ้อยน้ำราด,เหนียว,15.75,ชลประทาน (> 3 ครั้ง),10.559157881982308,15.729999999999999,3.470055136091279,344.7090346579734,1.0
88,903129,หนองขอน,14.459010600706712,อ้อยน้ำราด,เหนียว,28.3,หนองขอน,6.57703180212014,อ้อยตอ 1,เหนียว,28.3,หนองขอน,10.63920056100982,อ้อยตอ 2,เหนียว,28.52,ชลประทาน (> 3 ครั้ง),10.55841432127889,28.373333333333335,3.469311575387861,344.7798499630608,1.0
89,903130,หนองขอน,13.343980343980345,อ้อยน้ำราด,เหนียว,8.14,หนองขอน,5.727272727272728,อ้อยตอ 1,เหนียว,8.14,หนองขอน,11.074663402692778,อ้อยตอ 2,เหนียว,8.17,ชลประทาน (> 3 ครั้ง),10.048638824648618,8.15,2.959536078757589,393.329897261182,1.0
90,903131,หนองขอน,16.544098573281453,อ้อยน้ำราด,เหนียว,15.42,หนองขอน,12.476005188067443,อ้อยตอ 1,เหนียว,15.42,หนองขอน,12.320382165605096,อ้อยตอ 2,เหนียว,15.7,ชลประทาน (> 3 ครั้ง),13.78016197565133,15.513333333333334,6.691059229760301,37.94674002282852,1.0
91,921102,สระบัวก่ำ,13.208140814081409,อ้อยน้ำราด,เหนียว,45.45,สระบัวก่ำ,12.828822882288229,อ้อยตอ 1,เหนียว,45.45,สระบัวก่ำ,11.161649214659684,อ้อยตอ 2,เหนียว,45.84,ชลประทาน (> 3 ครั้ง),12.399537637009773,45.580000000000005,5.310434891118744,169.43477227440533,1.0
92,921105,สระบัวก่ำ,10.874867444326616,อ้อยตอ 1,เหนียว,9.43,สระบัวก่ำ,8.246023329798517,อ้อยต้นฝน,เหนียว,9.43,สระบัวก่ำ,10.126379137412236,อ้อยตอ 1,เหนียว,9.97,ชลประทาน (> 3 ครั้ง),9.749089970512456,9.61,2.6599872246214264,421.85835955986414,1.0
93,921109,สระบัวก่ำ,12.78954027836356,อ้อยน้ำราด,เหนียว,23.71,สระบัวก่ำ,15.027836355967946,อ้อยตอ 1,เหนียว,23.71,สระบัวก่ำ,9.373029772329248,อ้อยน้ำราด,เหนียว,22.84,ชลประทาน (> 3 ครั้ง),12.396802135553585,23.42,5.307699389662556,169.69529622261373,1.0
94,921122,สระบัวก่ำ,12.85588387765682,อ้อยน้ำราด,เหนียว,19.29,สระบัวก่ำ,9.593571798859513,อ้อยตอ 1,เหนียว,19.29,สระบัวก่ำ,10.559875583203734,อ้อยน้ำราด,เหนียว,19.29,น้ำเสริม (1-3 ครั้ง),11.00311041990669,19.29,3.914007674015661,302.4278405699371,1.0
95,921124,สระบัวก่ำ,12.81795035009548,อ้อยตอ 2,เหนียว,15.71,สระบัวก่ำ,11.400381922342458,อ้อยตอ 3,เหนียว,15.71,สระบัวก่ำ,10.4080203691916,อ้อยน้ำราด,เหนียว,15.71,น้ำเสริม (1-3 ครั้ง),11.542117547209847,15.71,4.453014801318817,251.09382844582694,1.0
96,921104,สระบัวก่ำ,12.895245769540692,อ้อยตอ 1,เหนียว,24.82,สระบัวก่ำ,16.672441579371476,อ้อยน้ำราด,เหนียว,24.82,สระบัวก่ำ,13.628375654977832,อ้อยตอ 1,เหนียว,24.81,ชลประทาน (> 3 ครั้ง),14.398687667963332,24.816666666666666,7.309584922072302,0.0,1.0
97,921111,สระบัวก่ำ,13.017799928800285,อ้อยตอ 2,ทราย ,28.09,สระบัวก่ำ,10.311142755428978,อ้อยน้ำราด,ทราย ,28.09,สระบัวก่ำ,6.839158345221112,อ้อยตอ 1,ทราย,28.04,น้ำเสริม (1-3 ครั้ง),10.056033676483457,28.073333333333334,2.9669309305924276,392.625625657864,1.0
98,921112,สระบัวก่ำ,9.344262295081966,อ้อยตอ 2,ทราย ,23.18,สระบัวก่ำ,6.654443485763589,อ้อยน้ำราด,ทราย ,23.18,สระบัวก่ำ,8.299956653662766,อ้อยตอ 1,ทราย,23.07,น้ำเสริม (1-3 ครั้ง),8.099554144836107,23.143333333333334,1.0104513989450776,578.9570096242783,0.20503341435610278
99,921113,สระบัวก่ำ,14.693916349809884,อ้อยตอ 2,เหนียว,15.78,สระบัวก่ำ,6.2617237008872,อ้อยตอ 3,เหนียว,15.78,สระบัวก่ำ,8.1661279896574,อ้อยน้ำราด,เหนียว,15.47,ชลประทาน (> 3 ครั้ง),9.707256013451495,15.676666666666668,2.6181532675604657,425.8425459466223,1.0
100,921114,สระบัวก่ำ,16.92609016999261,อ้อยน้ำราด,เหนียว,13.53,สระบัวก่ำ,5.960088691796008,อ้อยตอ 1,เหนียว,13.53,สระบัวก่ำ,9.953149001536095,อ้อยน้ำราด,เหนียว,13.02,ชลประทาน (> 3 ครั้ง),10.946442621108238,13.36,3.8573398752172086,307.82477378883726,1.0
101,921115,สระบัวก่ำ,11.53362734288864,อ้อยน้ำราด,เหนียว,18.14,สระบัวก่ำ,4.839581036383683,อ้อยตอ 1,เหนียว,18.14,สระบัวก่ำ,10.26197028068244,อ้อยน้ำราด,เหนียว,18.17,ชลประทาน (> 3 ครั้ง),8.878392886651588,18.150000000000002,1.7892901407605581,504.7818913561373,0.3357068192667202
102,921116,สระบัวก่ำ,13.841843088418427,อ้อยน้ำราด,เหนียว,8.03,สระบัวก่ำ,8.211706102117061,อ้อยตอ 1,เหนียว,8.03,สระบัวก่ำ,8.800747198007471,อ้อยน้ำราด,เหนียว,8.03,ชลประทาน (> 3 ครั้ง),10.284765462847654,8.03,3.1956627169566243,370.841646004131,1.0
103,924101,ดงเชือก ,12.891231964483904,อ้อยตอ 1,เหนียว,18.02,ดงเชือก ,8.540510543840178,อ้อยตอ 2,เหนียว,18.02,ดงเชือก ,12.102844638949673,อ้อยน้ำราด,เหนียว,18.28,ชลประทาน (> 3 ครั้ง),11.178195715757917,18.106666666666666,4.089092969866888,285.7530504888678,1.0
104,924102,ดงเชือก ,11.3215,อ้อยตอ 1,เหนียว,20.0,ดงเชือก ,7.675499999999999,อ้อยตอ 2,เหนียว,20.0,ดงเชือก ,9.314713216957603,อ้อยน้ำราด,เหนียว,20.05,ชลประทาน (> 3 ครั้ง),9.437237738985868,20.016666666666666,2.3481349930948383,451.55857208620586,0.4453159411765002
105,924104,ดงเชือก ,14.006930006930007,อ้อยน้ำราด,เหนียว,14.43,ดงเชือก ,11.466389466389469,อ้อยตอ 1,เหนียว,14.43,ดงเชือก ,8.858599592114208,อ้อยตอ 2,เหนียว,14.71,ชลประทาน (> 3 ครั้ง),11.44397302181123,14.523333333333333,4.3548702759202005,260.44092610283803,1.0
106,924106,ดงเชือก ,13.702330508474576,อ้อยตอ 2,เหนียว,9.44,ดงเชือก ,7.294491525423731,อ้อยตอ 3,เหนียว,9.44,ดงเชือก ,10.3903462749213,อ้อยน้ำราด,เหนียว,9.53,ชลประทาน (> 3 ครั้ง),10.462389436273202,9.469999999999999,3.373286690382173,353.9250771064597,1.0
107,924108,ดงเชือก ,14.675273088381331,อ้อยตอ 2,เหนียว,20.14,ดงเชือก ,8.458291956305859,อ้อยตอ 3,เหนียว,20.14,ดงเชือก ,10.233725976441416,อ้อยตอ 4,เหนียว,16.13,ชลประทาน (> 3 ครั้ง),11.122430340376203,18.80333333333333,4.033327594485174,291.06403862045966,1.0
108,924109,ดงเชือก ,18.54763231197772,อ้อยน้ำราด,เหนียว,17.95,ดงเชือก ,6.578272980501393,อ้อยตอ 1,เหนียว,17.95,ดงเชือก ,,อ้อยตอ 2,เหนียว,0.0,ชลประทาน (> 3 ครั้ง),12.562952646239555,11.966666666666667,5.473849900348526,153.87143806204514,1.0
109,924110,ดงเชือก ,15.262321144674086,อ้อยน้ำราด,เหนียว,6.29,ดงเชือก ,10.419713831478536,อ้อยตอ 1,เหนียว,6.29,ดงเชือก ,9.682852807283764,อ้อยตอ 2,เหนียว,6.59,ชลประทาน (> 3 ครั้ง),11.788295927812129,6.390000000000001,4.6991931819211,227.6482683884667,1.0
110,924111,ดงเชือก ,14.234138972809664,อ้อยตอ 2,เหนียว,13.24,ดงเชือก ,5.054380664652568,อ้อยตอ 3,เหนียว,13.24,ดงเชือก ,12.436090225563907,อ้อยน้ำราด,เหนียว,13.3,ชลประทาน (> 3 ครั้ง),10.574869954342047,13.26,3.4857672084510174,343.2126468141888,1.0
111,924112,ดงเชือก ,16.5926517571885,อ้อยตอ 2,เหนียว,6.26,ดงเชือก ,5.94408945686901,อ้อยตอ 3,เหนียว,6.26,ดงเชือก ,5.387755102040816,อ้อยน้ำราด,เหนียว,6.37,น้ำเสริม (1-3 ครั้ง),9.308165438699442,6.296666666666667,2.2190626928084125,463.8511721134845,0.41928513598733325
112,924115,ดงเชือก ,14.587951807228912,อ้อยตอ 2,เหนียว,4.15,ดงเชือก ,8.180722891566266,อ้อยตอ 3,เหนียว,4.15,ดงเชือก ,8.188995215311005,อ้อยตอ 4,เหนียว,4.18,น้ำเสริม (1-3 ครั้ง),10.319223304702062,4.16,3.2301205588110324,367.5599467799017,1.0
113,924113,ดงเชือก ,14.227096057745696,อ้อยตอ 1,เหนียว,36.02,ดงเชือก ,5.840921710161021,อ้อยตอ 2,เหนียว,36.02,ดงเชือก ,6.609017713365541,อ้อยตอ 3,เหนียว,31.05,น้ำเสริม (1-3 ครั้ง),8.892345160424085,34.36333333333334,1.803242414533056,503.45310337780415,0.33832064742467416
114,924114,ดงเชือก ,13.333984375000002,อ้อยน้ำราด,เหนียว,5.12,ดงเชือก ,6.27734375,อ้อยตอ 1,เหนียว,5.12,ดงเชือก ,13.268482490272373,อ้อยน้ำราด,เหนียว,5.14,น้ำเสริม (1-3 ครั้ง),10.959936871757458,5.126666666666666,3.8708341258664287,306.53960706034013,1.0
115,924135,ดงเชือก ,12.802113916617731,อ้อยน้ำราด,เหนียว,17.03,ดงเชือก ,6.633587786259541,อ้อยตอ 1,เหนียว,17.03,ดงเชือก ,4.398340248962655,อ้อยตอ 2,เหนียว,12.05,น้ำเสริม (1-3 ครั้ง),7.94468065061331,15.37,0.8555779047222805,593.7068662169256,0.18320172703553483
116,924134,ดงเชือก ,11.674231332357246,อ้อยน้ำราด,เหนียว,13.66,ดงเชือก ,9.891654465592971,อ้อยตอ 1,เหนียว,13.66,ดงเชือก ,4.9707174231332365,อ้อยตอ 2,เหนียว,13.66,ชลประทาน (> 3 ครั้ง),8.845534407027818,13.660000000000002,1.756431661136789,507.9112703679248,0.3295825925773034
117,924132,ดงเชือก ,12.112716763005782,อ้อยน้ำราด,เหนียว,13.84,ดงเชือก ,10.291184971098266,อ้อยตอ 1,เหนียว,13.84,ดงเชือก ,2.3587896253602305,อ้อยตอ 2,เหนียว,13.88,ชลประทาน (> 3 ครั้ง),8.25423045315476,13.853333333333333,1.1651277072637303,564.2259326415494,0.22831045538235095
118,924133,ดงเชือก ,12.913316582914572,อ้อยน้ำราด,เหนียว,7.96,ดงเชือก ,9.993718592964823,อ้อยตอ 1,เหนียว,7.96,ดงเชือก ,4.11212516297262,อ้อยตอ 2,เหนียว,7.67,ชลประทาน (> 3 ครั้ง),9.006386779617339,7.863333333333333,1.9172840337263093,492.5919967879705,0.3599681199420086
119,924128,ดงเชือก ,16.843575418994412,อ้อยน้ำราด,เหนียว,10.74,ดงเชือก ,9.133147113594042,อ้อยตอ 1,เหนียว,10.74,ดงเชือก ,12.419354838709678,อ้อยน้ำราด,เหนียว,10.85,น้ำเสริม (1-3 ครั้ง),12.798692457099378,10.776666666666666,5.7095897112083485,131.42002750396682,1.0
120,924129,ดงเชือก ,15.5075,อ้อยน้ำราด,เหนียว,8.0,ดงเชือก ,8.085,อ้อยตอ 1,เหนียว,8.0,ดงเชือก ,8.025851938895418,อ้อยน้ำราด,เหนียว,8.51,น้ำเสริม (1-3 ครั้ง),10.539450646298473,8.17,3.4503479004074435,346.58591424691014,1.0
121,924130,ดงเชือก ,11.239953407105416,อ้อยน้ำราด,เหนียว,17.17,ดงเชือก ,5.857309260337797,อ้อยตอ 1,เหนียว,17.17,ดงเชือก ,9.701724137931036,อ้อยน้ำราด,เหนียว,17.4,น้ำเสริม (1-3 ครั้ง),8.932995601791417,17.246666666666666,1.8438928559003873,499.58163277139164,0.34598027321708735
122,924131,ดงเชือก ,7.799474605954465,อ้อยน้ำราด,เหนียว,11.42,ดงเชือก ,5.761821366024519,อ้อยตอ 1,เหนียว,11.42,ดงเชือก ,8.867417677642981,อ้อยน้ำราด,เหนียว,11.54,น้ำเสริม (1-3 ครั้ง),7.476237883207323,11.459999999999999,0.38713513731629323,638.3204631127339,0.12640396060353326
123,924116,ดงเชือก ,13.022662889518411,อ้อยน้ำราด,เหนียว,17.65,ดงเชือก ,7.541643059490086,อ้อยตอ 1,เหนียว,17.65,ดงเชือก ,8.370265686828716,อ้อยน้ำราด,เหนียว,17.69,ชลประทาน (> 3 ครั้ง),9.64485721194574,17.66333333333333,2.55575446605471,431.7852889471705,0.487638856926922
124,924117,ดงเชือก ,15.236868858014232,อ้อยตอ 2,เหนียว,29.51,ดงเชือก ,8.056929854286684,อ้อยตอ 3,เหนียว,29.51,ดงเชือก ,11.076537433155078,อ้อยน้ำราด,เหนียว,29.92,ชลประทาน (> 3 ครั้ง),11.456778715151998,29.646666666666665,4.367675969260969,259.22133626086014,1.0
125,924118,ดงเชือก ,17.04223335719399,อ้อยตอ 2,เหนียว,13.97,ดงเชือก ,9.005726556907659,อ้อยตอ 3,เหนียว,13.97,ดงเชือก ,12.224767358625629,อ้อยน้ำราด,เหนียว,13.97,ชลประทาน (> 3 ครั้ง),12.757575757575758,13.97,5.668473011684728,135.3359036490735,1.0
126,924119,ดงเชือก ,15.93343653250774,อ้อยตอ 2,เหนียว,12.92,ดงเชือก ,7.760061919504643,อ้อยตอ 3,เหนียว,12.92,ดงเชือก ,10.818181818181818,อ้อยน้ำราด,เหนียว,13.86,ชลประทาน (> 3 ครั้ง),11.503893423398068,13.233333333333334,4.414790677507039,254.73422118980582,1.0
127,924120,ดงเชือก ,15.954128440366972,อ้อยตอ 2,เหนียว,6.54,ดงเชือก ,4.948012232415902,อ้อยตอ 3,เหนียว,6.54,ดงเชือก ,15.022091310751104,อ้อยน้ำราด,เหนียว,6.79,ชลประทาน (> 3 ครั้ง),11.974743994511327,6.623333333333334,4.885641248620297,209.89130965520977,1.0
128,924121,ดงเชือก ,19.52921719955899,อ้อยน้ำราด,เหนียว,9.07,ดงเชือก ,7.168687982359426,อ้อยตอ 1,เหนียว,9.07,ดงเชือก ,,อ้อยตอ 2,เหนียว,,ชลประทาน (> 3 ครั้ง),13.348952590959207,9.07,6.259849845068178,79.01430046969733,1.0
129,924122,ดงเชือก ,11.119266055045872,อ้อยน้ำราด,เหนียว,6.54,ดงเชือก ,4.813455657492355,อ้อยตอ 1,เหนียว,6.54,ดงเชือก ,4.85648854961832,อ้อยตอ 2,เหนียว,6.55,น้ำเสริม (1-3 ครั้ง),6.929736754052183,6.543333333333333,0.0,675.1904761904761,0.07723379803646072
130,924123,ดงเชือก ,15.570477247502778,อ้อยตอ 2,เหนียว,9.01,ดงเชือก ,6.899001109877913,อ้อยตอ 3,เหนียว,9.01,ดงเชือก ,,อ้อยตอ 4,เหนียว,0.0,น้ำเสริม (1-3 ครั้ง),11.234739178690345,6.006666666666667,4.145636432799316,280.36795878101753,1.0
131,924124,ดงเชือก ,16.093701996927802,อ้อยน้ำราด,เหนียว,13.02,ดงเชือก ,7.342549923195084,อ้อยตอ 1,เหนียว,13.02,ดงเชือก ,7.793283582089551,อ้อยน้ำราด,เหนียว,13.4,ชลประทาน (> 3 ครั้ง),10.409845167404145,13.146666666666667,3.320742421513115,358.9292931892271,1.0
132,924125,ดงเชือก ,11.999559917409664,อ้อยน้ำราด,เหนียว,7.92,ดงเชือก ,8.29040404040404,อ้อยตอ 1,เหนียว,7.92,ดงเชือก ,8.681647940074905,อ้อยน้ำราด,เหนียว,8.01,น้ำเสริม (1-3 ครั้ง),9.65720396596287,7.95,2.5681012200718403,430.6094076122057,0.49016487528635255
133,924126,ดงเชือก ,13.977142857142857,อ้อยตอ 2,เหนียว,14.0,ดงเชือก ,4.555714285714286,อ้อยตอ 3,เหนียว,14.0,ดงเชือก ,10.25335215243472,อ้อยน้ำราด,เหนียว,14.17,ชลประทาน (> 3 ครั้ง),9.595403098430621,14.056666666666667,2.5063003525395917,436.4952045200389,0.47752704222139736
134,924127,ดงเชือก ,15.189352360043909,อ้อยน้ำราด,เหนียว,18.22,ดงเชือก ,5.029637760702524,อ้อยตอ 1,เหนียว,18.22,ดงเชือก ,9.631236442516268,อ้อยน้ำราด,เหนียว,18.44,ชลประทาน (> 3 ครั้ง),9.950075521087568,18.293333333333333,2.8609727751965384,402.7168785527106,1.0
135,924103,ดงเชือก ,15.448333333333336,อ้อยตอ 1,เหนียว,36.0,ดงเชือก ,7.80638888888889,อ้อยตอ 2,เหนียว,36.0,ดงเชือก ,12.446249661521795,อ้อยน้ำราด,เหนียว,36.93,ชลประทาน (> 3 ครั้ง),11.900323961248008,36.31,4.811221215356978,216.97893187076397,1.0
136,924105,ดงเชือก ,9.14272517321016,อ้อยตอ 2,เหนียว,21.65,ดงเชือก ,11.044341801385682,อ้อยน้ำราด,เหนียว,21.65,ดงเชือก ,7.8444240477283165,อ้อยตอ 1,เหนียว,21.79,ชลประทาน (> 3 ครั้ง),9.343830340774721,21.69666666666667,2.2547275948836916,460.4545147729817,0.4264476707627131
137,924107,ดงเชือก ,12.575900767867688,อ้อยตอ 2,เหนียว,50.79,ดงเชือก ,10.883047844063793,อ้อยน้ำราด,เหนียว,50.79,ดงเชือก ,7.366476714482215,อ้อยตอ 1,เหนียว,50.89,ชลประทาน (> 3 ครั้ง),10.275141775471232,50.82333333333333,3.1860390295802024,371.75818765902835,1.0
138,907101,เขาแหลม ,11.874105011933176,อ้อยตอ 1,เหนียว,33.52,เขาแหลม ,7.900059665871121,อ้อยตอ 2,เหนียว,33.52,เขาแหลม ,6.6336898395721935,อ้อยน้ำราด,เหนียว,33.66,น้ำเสริม (1-3 ครั้ง),8.80261817245883,33.56666666666667,1.7135154265678008,511.99853080306656,0.3216523140081901
139,907102,เขาแหลม ,11.101193317422435,อ้อยตอ 1,เหนียว,20.95,เขาแหลม ,6.121718377088306,อ้อยตอ 2,เหนียว,20.95,เขาแหลม ,9.889790076335878,อ้อยน้ำราด,เหนียว,20.96,ชลประทาน (> 3 ครั้ง),9.037567256948874,20.953333333333333,1.9484645110578445,489.6224275183005,0.3659694521166572
140,907103,เขาแหลม ,20.38782608695652,อ้อยน้ำราด,เหนียว,5.75,เขาแหลม ,7.173913043478261,อ้อยตอ 1,เหนียว,5.75,เขาแหลม ,5.779005524861878,อ้อยตอ 2,เหนียว,5.43,น้ำเสริม (1-3 ครั้ง),11.113581551765554,5.6433333333333335,4.024478805874525,291.9067803929024,1.0
141,907104,เขาแหลม ,10.25712748789672,อ้อยตอ 1,เหนียว,18.59,เขาแหลม ,4.508474576271187,อ้อยตอ 2,เหนียว,16.52,เขาแหลม ,,พักดิน,เหนียว,,น้ำเสริม (1-3 ครั้ง),7.382801032083953,17.555,0.2936982861929236,647.2192108387692,0.11673032110054887
142,907105,เขาแหลม ,10.436869375511316,อ้อยตอ 1,เหนียว,36.67,เขาแหลม ,1.7652031633487866,อ้อยตอ 2,เหนียว,36.67,เขาแหลม ,,พักดิน,เหนียว,,น้ำเสริม (1-3 ครั้ง),6.101036269430051,36.67,0.0,675.1904761904761,0.032223495834772534
143,907111,เขาแหลม ,10.294117647058824,อ้อยตอ 1,เหนียว,17.0,เขาแหลม ,5.669411764705882,อ้อยตอ 2,เหนียว,17.0,เขาแหลม ,10.34841628959276,อ้อยน้ำราด,เหนียว,15.47,น้ำเสริม (1-3 ครั้ง),8.770648567119155,16.49,1.6815458212281253,515.0432551211309,0.31579692520319064
144,907115,เขาแหลม ,12.933212996389893,อ้อยตุลาคม,เหนียว,22.16,เขาแหลม ,5.752439024390244,อ้อยตอ 1,เหนียว,16.4,เขาแหลม ,10.45551061678463,อ้อยน้ำราด,เหนียว,19.78,น้ำเสริม (1-3 ครั้ง),9.713720879188257,19.44666666666667,2.6246181332972274,425.2268444478831,1.0
145,907117,เขาแหลม ,11.942203742203745,อ้อยตุลาคม,เหนียว,24.05,เขาแหลม ,4.783132530120482,อ้อยน้ำราด,เหนียว,22.41,เขาแหลม ,5.933363148479427,อ้อยตอ 1,เหนียว,22.36,น้ำเสริม (1-3 ครั้ง),7.552899806934551,22.939999999999998,0.4637970610435218,631.0193275196646,0.13474757600974036
146,907125,เขาแหลม ,10.947339246119736,อ้อยน้ำราด,เหนียว,18.04,เขาแหลม ,3.0105321507760534,อ้อยตอ 1,เหนียว,18.04,เขาแหลม ,,พักดิน,เหนียว,,น้ำเสริม (1-3 ครั้ง),6.978935698447895,18.04,0.0,675.1904761904761,0.08095350505482779
147,907126,เขาแหลม ,10.229534510433387,อ้อยน้ำราด,เหนียว,18.69,เขาแหลม ,6.385767790262173,อ้อยตอ 1,เหนียว,18.69,เขาแหลม ,5.894313304721029,อ้อยตอ 2,เหนียว,18.64,น้ำเสริม (1-3 ครั้ง),7.503205201805531,18.673333333333336,0.41410245591450145,635.7521470557617,0.1292969623127041
148,917101,เขาประทุน,11.628970163618863,อ้อยน้ำราด,เหนียว,10.39,เขาประทุน,8.231953801732434,อ้อยตอ 1,เหนียว,10.39,เขาประทุน,,พักดิน,เหนียว,,น้ำเสริม (1-3 ครั้ง),9.930461982675649,10.39,2.841359236784619,404.584834591941,1.0
149,917102,เขาประทุน,12.765561843168957,อ้อยตอ 1,เหนียว,12.37,เขาประทุน,8.42208904109589,อ้อยน้ำราด,เหนียว,11.68,เขาประทุน,8.302608695652173,อ้อยตอ 1,เหนียว,11.5,ชลประทาน (> 3 ครั้ง),9.830086526639008,11.85,2.740983780747978,414.1444018335259,1.0
150,917103,เขาประทุน,11.078059591233686,อ้อยตอ 1,เหนียว,40.61,เขาประทุน,8.701551342033982,อ้อยน้ำราด,เหนียว,40.61,เขาประทุน,5.275827978250124,อ้อยตอ 1,เหนียว,40.46,ชลประทาน (> 3 ครั้ง),8.35181297050593,40.56,1.2627102246149011,554.9323595604856,0.24372830613342106
151,917104,เขาประทุน,6.6822625698324005,อ้อยตอ 1,เหนียว,14.32,เขาประทุน,4.9636871508379885,อ้อยต้นฝน,เหนียว,14.32,เขาประทุน,11.635798203178991,อ้อยตอ 1,เหนียว,14.47,ชลประทาน (> 3 ครั้ง),7.7605826412831265,14.37,0.6714798953920971,611.2400099626574,0.1592176503435297
152,917105,เขาประทุน,10.327602674307546,อ้อยตอ 1,เหนียว,20.94,เขาประทุน,6.341929321872016,อ้อยตอ 2,เหนียว,20.94,เขาประทุน,4.546278625954199,อ้อยน้ำราด,เหนียว,20.96,ชลประทาน (> 3 ครั้ง),7.071936874044586,20.94666666666667,0.0,675.1904761904761,0.08835185610205787
153,917106,เขาประทุน,8.999999999999998,อ้อยตอ 1,เหนียว,18.8,เขาประทุน,5.277659574468085,อ้อยต้นฝน,เหนียว,18.8,เขาประทุน,6.348726114649682,อ้อยตอ 1,เหนียว,18.84,ชลประทาน (> 3 ครั้ง),6.875461896372588,18.813333333333333,0.0,675.1904761904761,0.07328255574679404
154,917107,เขาประทุน,10.558949624866024,อ้อยตอ 1,เหนียว,18.66,เขาประทุน,9.210075026795284,อ้อยต้นฝน,เหนียว,18.66,เขาประทุน,10.60457690260777,อ้อยตอ 1,เหนียว,18.79,ชลประทาน (> 3 ครั้ง),10.124533851423026,18.703333333333333,3.0354311055319965,386.10179947314316,1.0
155,917108,เขาประทุน,6.72191011235955,อ้อยตอ 1,เหนียว,10.68,เขาประทุน,9.305505415162456,อ้อยต้นฝน,เหนียว,22.16,เขาประทุน,6.541516245487363,อ้อยตอ 1,เหนียว,22.16,ชลประทาน (> 3 ครั้ง),7.5229772576697895,18.333333333333332,0.43387451177876013,633.8690941163086,0.1314470164175794
156,917109,เขาประทุน,12.049162011173182,อ้อยตอ 1,เหนียว,26.85,เขาประทุน,10.181750465549348,อ้อยตอ 2,เหนียว,26.85,เขาประทุน,5.129608938547485,อ้อยตอ 3,เหนียว,26.85,น้ำเสริม (1-3 ครั้ง),9.120173805090005,26.850000000000005,2.0310710591989753,481.7551372191452,0.38202454767980926
157,917110,เขาประทุน,4.768011527377522,อ้อยตอ 1,เหนียว,6.94,เขาประทุน,6.877521613832854,อ้อยต้นฝน,เหนียว,6.94,เขาประทุน,4.376978417266187,อ้อยตอ 1,เหนียว,6.95,น้ำเสริม (1-3 ครั้ง),5.340837186158854,6.943333333333334,0.0,675.1904761904761,0.012575368365375426
158,917116,เขาประทุน,15.164714494875552,อ้อยตุลาคม,เหนียว,13.66,เขาประทุน,4.845534407027818,อ้อยตอ 1,เหนียว,13.66,เขาประทุน,,พักดิน,เหนียว,,น้ำเสริม (1-3 ครั้ง),10.005124450951685,13.66,2.916021705060656,397.4741233275566,1.0
159,917113,เขาประทุน,20.173186634066827,อ้อยตุลาคม,เหนียว,24.54,เขาประทุน,7.523634881825591,อ้อยตอ 1,เหนียว,24.54,เขาประทุน,,พักดิน,เหนียว,,น้ำเสริม (1-3 ครั้ง),13.848410757946208,24.54,6.759308012055179,31.446855994744872,1.0
160,917122,เขาประทุน,17.719057958910973,อ้อยตุลาคม,เหนียว,59.87,เขาประทุน,5.837648237848672,อ้อยตอ 1,เหนียว,59.87,เขาประทุน,,พักดิน,เหนียว,,น้ำเสริม (1-3 ครั้ง),11.778353098379823,59.87,4.689250352488793,228.59520452487683,1.0
161,908101,หนองยายเงิน,11.61810391001607,อ้อยน้ำราด,เหนียว,18.67,หนองยายเงิน,4.769148366363149,อ้อยตอ 1,เหนียว,18.67,หนองยายเงิน,8.108730583824316,อ้อยน้ำราด,เหนียว,18.67,น้ำเสริม (1-3 ครั้ง),8.165327620067844,18.67,1.0762248741768143,572.6928691260176,0.21475445568241375
162,908103,หนองยายเงิน,12.942819148936172,อ้อยน้ำราด,เหนียว,7.52,หนองยายเงิน,8.445478723404257,อ้อยตอ 1,เหนียว,7.52,หนองยายเงิน,7.57845744680851,อ้อยน้ำราด,เหนียว,7.52,น้ำเสริม (1-3 ครั้ง),9.655585106382981,7.52,2.5664823604919516,430.7635847150522,0.489833648686471
163,908104,หนองยายเงิน,10.388820386354295,อ้อยน้ำราด,เหนียว,24.33,หนองยายเงิน,4.884504726674887,อ้อยตอ 1,เหนียว,24.33,หนองยายเงิน,6.885737772297576,อ้อยน้ำราด,เหนียว,24.33,น้ำเสริม (1-3 ครั้ง),7.386354295108919,24.33,0.29725154921789,646.8808048363913,0.11708831678650039
164,908105,หนองยายเงิน,10.675041089457618,อ้อยน้ำราด,เหนียว,42.59,หนองยายเงิน,5.636528028933093,อ้อยตอ 1,เหนียว,11.06,หนองยายเงิน,5.601216333622936,อ้อยน้ำราด,เหนียว,11.51,น้ำเสริม (1-3 ครั้ง),7.304261817337882,21.720000000000002,0.21515907144685276,654.6991360526806,0.1090147841339078
165,908108,หนองยายเงิน,10.79159847244954,อ้อยน้ำราด,เหนียว,36.66,หนองยายเงิน,4.236220472440945,อ้อยตอ 1,เหนียว,7.62,หนองยายเงิน,3.442857142857143,อ้อยน้ำราด,เหนียว,7.7,น้ำเสริม (1-3 ครั้ง),6.156892029249209,17.326666666666664,0.0,675.1904761904761,0.03434758893515685
166,908111,หนองยายเงิน,8.505181347150259,อ้อยตอ 1,เหนียว,7.72,หนองยายเงิน,3.866580310880829,อ้อยตอ 2,เหนียว,7.72,หนองยายเงิน,7.526162790697675,อ้อยน้ำราด,เหนียว,6.88,น้ำเสริม (1-3 ครั้ง),6.632641482909587,7.44,0.0,675.1904761904761,0.05747307613733417
167,908114,หนองยายเงิน,10.736223662884925,อ้อยน้ำราด,เหนียว,49.36,หนองยายเงิน,4.488536155202822,อ้อยตอ 1,เหนียว,34.02,หนองยายเงิน,5.590789857184495,อ้อยน้ำราด,เหนียว,34.31,น้ำเสริม (1-3 ครั้ง),6.938516558424081,39.23,0.0,675.1904761904761,0.0778879046468492
168,908119,หนองยายเงิน,9.540445859872612,อ้อยตอ 2,เหนียว,31.4,หนองยายเงิน,7.141632264210861,อ้อยน้ำราด,เหนียว,31.49,หนองยายเงิน,,พักดิน,เหนียว,,น้ำเสริม (1-3 ครั้ง),8.341039062041737,31.445,1.251936316150708,555.958446080885,0.24199890368738025
169,908120,หนองยายเงิน,13.51043771043771,อ้อยตอ 2,เหนียว,14.85,หนองยายเงิน,4.070403280929597,อ้อยน้ำราด,เหนียว,14.63,หนองยายเงิน,8.481756756756756,อ้อยน้ำราด,เหนียว,14.8,น้ำเสริม (1-3 ครั้ง),8.687532582708021,14.76,1.598429836816992,522.9590631602864,0.3007914195458755
170,908121,หนองยายเงิน,9.14914914914915,อ้อยตอ 2,เหนียว,9.99,หนองยายเงิน,3.0995850622406635,อ้อยน้ำราด,เหนียว,9.64,หนองยายเงิน,6.801432958034801,อ้อยน้ำราด,เหนียว,9.77,น้ำเสริม (1-3 ครั้ง),6.350055723141538,9.8,0.0,675.1904761904761,0.042596333196121126
171,927101,ทัพผึ้ง ,13.970281543274243,อ้อยน้ำราด,ทราย ,9.59,ทัพผึ้ง ,6.447340980187695,อ้อยตอ 1,เหนียว,9.59,ทัพผึ้ง ,7.823598130841121,อ้อยน้ำราด,เหนียว,8.56,ชลประทาน (> 3 ครั้ง),9.413740218101019,9.246666666666668,2.3246374722099894,453.79643121809625,0.44055603447799085
172,927104,ทัพผึ้ง ,8.174454828660435,อ้อยตอ 2,ทราย ,19.26,ทัพผึ้ง ,7.366562824506749,อ้อยน้ำราด,ทราย ,19.26,ทัพผึ้ง ,10.795811518324603,อ้อยน้ำราด,ทราย,19.1,,8.778943057163929,19.206666666666667,1.6898403112728992,514.2533036882953,0.3173117439698371
173,927102,ทัพผึ้ง ,9.1808573106283,อ้อยตอ 2,ทราย ,17.03,ทัพผึ้ง ,6.107457428068114,อ้อยน้ำราด,ทราย ,17.03,ทัพผึ้ง ,9.847736625514404,อ้อยน้ำราด,ทราย,17.01,,8.378683788070273,17.023333333333337,1.2895810421792433,552.3732340781672,0.24807046231746638
174,927103,ทัพผึ้ง ,12.657153050303249,อ้อยตอ 2,ทราย ,28.03,ทัพผึ้ง ,3.4405993578308958,อ้อยตอ 3,ทราย ,28.03,ทัพผึ้ง ,11.6484052532833,อ้อยน้ำราด,ทราย,26.65,,9.248719220472482,27.570000000000004,2.159616474581453,469.5127167065283,0.4074069847584676
175,927106,ทัพผึ้ง ,12.316127107265403,อ้อยตอ 1,เหนียว,67.03,ทัพผึ้ง ,5.483664031030881,อ้อยตอ 2,ทราย ,67.03,ทัพผึ้ง ,10.954940193347532,อ้อยน้ำราด,ทราย,61.03,ชลประทาน (> 3 ครั้ง),9.584910443881272,65.03,2.4958076979902426,437.49450495331024,0.47538326260346925
176,927107,ทัพผึ้ง ,6.992796037820801,อ้อยตอ 1,เหนียว,22.21,ทัพผึ้ง ,5.763619990995046,อ้อยต้นฝน,เหนียว,22.21,ทัพผึ้ง ,8.534994697773065,อ้อยน้ำราด,เหนียว,18.86,ชลประทาน (> 3 ครั้ง),7.097136908862971,21.093333333333334,0.008034162971942038,674.425317812196,0.0904407554205276
177,927110,ทัพผึ้ง ,7.043188405797101,อ้อยตอ 2,ทราย ,34.5,ทัพผึ้ง ,3.736521739130435,อ้อยน้ำราด,ทราย ,34.5,ทัพผึ้ง ,,พักดิน,ทราย,,ชลประทาน (> 3 ครั้ง),5.389855072463767,34.5,0.0,675.1904761904761,0.013416729177128314
178,927114,ทัพผึ้ง ,11.609716599190284,อ้อยตอ 1,เหนียว,24.7,ทัพผึ้ง ,10.819433198380567,อ้อยตอ 2,เหนียว,24.7,ทัพผึ้ง ,13.6269744835966,อ้อยน้ำราด,เหนียว,24.69,ชลประทาน (> 3 ครั้ง),12.018708093722482,24.69666666666667,4.929605347831453,205.70425258748068,1.0
179,927115,ทัพผึ้ง ,15.69887525562372,อ้อยตอ 1,เหนียว,19.56,ทัพผึ้ง ,9.690184049079754,อ้อยตอ 2,เหนียว,19.56,ทัพผึ้ง ,13.969473684210527,อ้อยน้ำราด,เหนียว,19.0,ชลประทาน (> 3 ครั้ง),13.119510996304667,19.37333333333333,6.030408250413638,100.86588091298688,1.0
180,927116,ทัพผึ้ง ,13.530015937666018,อ้อยตอ 1,เหนียว,56.47,ทัพผึ้ง ,9.730653444306713,อ้อยน้ำราด,เหนียว,56.47,ทัพผึ้ง ,8.641175362591824,อ้อยตอ 1,เหนียว,53.09,ชลประทาน (> 3 ครั้ง),10.633948248188185,55.343333333333334,3.5448455022971554,337.58614263836614,1.0
181,927117,ทัพผึ้ง ,13.556009334889149,อ้อยตอ 1,เหนียว,17.14,ทัพผึ้ง ,8.715869311551923,อ้อยตอ 2,เหนียว,17.14,ทัพผึ้ง ,13.667444574095684,อ้อยน้ำราด,เหนียว,17.14,,11.979774406845586,17.14,4.890671660954556,209.41222276623273,1.0
182,927118,ทัพผึ้ง ,12.222325293753864,อ้อยตอ 1,เหนียว,32.34,ทัพผึ้ง ,6.581941867656153,อ้อยตอ 2,เหนียว,32.34,ทัพผึ้ง ,11.111984282907663,อ้อยน้ำราด,เหนียว,30.54,ชลประทาน (> 3 ครั้ง),9.97208381477256,31.74,2.8829810688815307,400.62085058271134,1.0
183,927111,ทัพผึ้ง ,6.2339979013641145,อ้อยตอ 2,เหนียว,9.53,ทัพผึ้ง ,3.706190975865688,อ้อยต้นฝน,เหนียว,9.53,ทัพผึ้ง ,6.610932475884244,อ้อยน้ำราด,เหนียว,9.33,ชลประทาน (> 3 ครั้ง),5.517040451038016,9.463333333333333,0.0,675.1904761904761,0.015829803834586827
184,927119,ทัพผึ้ง ,14.253976961053208,อ้อยน้ำราด,เหนียว,18.23,ทัพผึ้ง ,9.0,อ้อยตอ 1,เหนียว,18.23,ทัพผึ้ง ,8.526997840172788,อ้อยน้ำราด,เหนียว,18.52,ชลประทาน (> 3 ครั้ง),10.593658267075332,18.326666666666668,3.5045555211843027,341.42328369673305,1.0
185,927120,ทัพผึ้ง ,15.5741254858412,อ้อยตุลาคม,เหนียว,18.01,ทัพผึ้ง ,6.857301499167129,อ้อยตอ 1,เหนียว,18.01,ทัพผึ้ง ,4.6853070175438605,อ้อยตอ 2,เหนียว,18.24,ชลประทาน (> 3 ครั้ง),9.038911334184062,18.08666666666667,1.949808588293033,489.49442016256825,0.36622889885452037
186,927121,ทัพผึ้ง ,6.75853775853776,อ้อยตอ 1,เหนียว,20.79,ทัพผึ้ง ,9.94805194805195,อ้อยน้ำราด,เหนียว,20.79,ทัพผึ้ง ,9.9985401459854,อ้อยตอ 1,เหนียว,20.55,น้ำเสริม (1-3 ครั้ง),8.90170995085837,20.709999999999997,1.8126072049673407,502.56121857453894,0.3400794430569126
187,927122,ทัพผึ้ง ,9.345512311358222,อ้อยตอ 3,เหนียว,12.59,ทัพผึ้ง ,11.742652899126291,อ้อยน้ำราด,เหนียว,12.59,ทัพผึ้ง ,9.798785117691722,อ้อยตอ 1,เหนียว,13.17,น้ำเสริม (1-3 ครั้ง),10.295650109392078,12.783333333333333,3.2065473635010484,369.80501299990016,1.0
188,927123,ทัพผึ้ง ,7.930444697833524,อ้อยตอ 3,เหนียว,26.31,ทัพผึ้ง ,9.338654503990876,อ้อยน้ำราด,เหนียว,26.31,ทัพผึ้ง ,5.851530034000755,อ้อยตอ 1,เหนียว,26.47,น้ำเสริม (1-3 ครั้ง),7.706876411941718,26.363333333333333,0.617773666050689,616.3548889475534,0.1526270197805844
189,927124,ทัพผึ้ง ,14.128333333333332,อ้อยตุลาคม,เหนียว,12.0,ทัพผึ้ง ,6.985769728331176,อ้อยตอ 1,เหนียว,15.46,ทัพผึ้ง ,,พักดิน,เหนียว,,น้ำเสริม (1-3 ครั้ง),10.557051530832254,13.73,3.4679487849412247,344.9096395294072,1.0
190,927125,ทัพผึ้ง ,7.168181818181818,อ้อยตอ 1,เหนียว,26.4,ทัพผึ้ง ,4.5837121212121215,อ้อยน้ำราด,เหนียว,26.4,ทัพผึ้ง ,,พักดิน,เหนียว,,น้ำเสริม (1-3 ครั้ง),5.87594696969697,26.4,0.0,675.1904761904761,0.024733031278787742
191,900109,ทัพหลวง,16.81334279630944,อ้อยตุลาคม,ทราย ,70.45,ทัพหลวง,4.668133427963094,อ้อยตอ 1,ทราย ,70.45,ทัพหลวง,,พักดิน,ทราย,,น้ำเสริม (1-3 ครั้ง),10.740738112136267,70.45,3.6516353662452374,327.4156794052155,1.0
192,900102,ทัพหลวง,12.635103926096996,อ้อยตุลาคม,ทราย ,8.66,ทัพหลวง,7.344807121661721,อ้อยตุลาคม,ทราย ,16.85,ทัพหลวง,8.633611691022965,อ้อยตุลาคม,ทราย,28.74,ชลประทาน (> 3 ครั้ง),9.537840912927228,18.083333333333332,2.4487381670361987,441.97731742512394,0.4657760226616441
193,900106,ทัพหลวง,19.402811439650996,อ้อยตุลาคม,ทราย ,20.63,ทัพหลวง,5.033446437227339,อ้อยตอ 1,ทราย ,20.63,ทัพหลวง,,พักดิน,ทราย,,ชลประทาน (> 3 ครั้ง),12.218128938439168,20.63,5.129026192548139,186.71179118589154,1.0
194,900110,ทัพหลวง,20.01752136752137,อ้อยตุลาคม,ทราย ,23.4,ทัพหลวง,4.333333333333334,อ้อยตอ 1,ทราย ,23.4,ทัพหลวง,,พักดิน,ทราย,,น้ำเสริม (1-3 ครั้ง),12.175427350427352,23.4,5.086324604536323,190.7786090917788,1.0
195,911111,หนองขาม,17.335308641975313,อ้อยน้ำราด,เหนียว,20.25,หนองขาม,8.943703703703703,อ้อยตอ 1,เหนียว,20.25,หนองขาม,9.429995017438962,อ้อยตอ 2,เหนียว,20.07,ชลประทาน (> 3 ครั้ง),11.90300245437266,20.19,4.81389970848163,216.72383728746382,1.0
196,911112,หนองขาม,14.598881050839214,อ้อยน้ำราด,เหนียว,41.11,หนองขาม,5.540987594259303,อ้อยตอ 1,เหนียว,41.11,หนองขาม,5.363305865244789,อ้อยตอ 2,เหนียว,41.26,ชลประทาน (> 3 ครั้ง),8.501058170114435,41.16,1.4119554242234056,540.7185310263422,0.26835604258130985
197,911113,หนองขาม,16.4612601106854,อ้อยตอ 1,เหนียว,46.98,หนองขาม,6.892720306513412,อ้อยตอ 2,เหนียว,46.98,หนองขาม,8.386729654283874,อ้อยน้ำราด,เหนียว,46.57,น้ำเสริม (1-3 ครั้ง),10.58023669049423,46.843333333333334,3.4911339446032006,342.70152908540945,1.0
198,911114,หนองขาม,12.613861386138614,อ้อยตอ 2,ทราย ,8.08,หนองขาม,8.410891089108912,อ้อยตอ 3,ทราย ,8.08,หนองขาม,7.976485148514851,อ้อยน้ำราด,ทราย,8.08,น้ำเสริม (1-3 ครั้ง),9.667079207920791,8.08,2.5779764620297616,429.6689083781179,0.4921855366392148
199,911110,หนองขาม,15.213742272943408,อ้อยตอ 2,เหนียว,42.06,หนองขาม,7.291963861150737,อ้อยตอ 3,เหนียว,42.06,หนองขาม,10.93651925820257,อ้อยน้ำราด,เหนียว,42.06,น้ำเสริม (1-3 ครั้ง),11.147408464098907,42.06,4.058305718207878,288.6851696944878,1.0
200,900115,ทัพหลวง,15.731180704143163,อ้อยตุลาคม,ทราย ,51.41,ทัพหลวง,3.901186539583739,อ้อยตอ 1,ทราย ,51.41,ทัพหลวง,,พักดิน,ทราย,,น้ำเสริม (1-3 ครั้ง),9.816183621863452,51.41,2.7270808759724225,415.46848800262643,1.0
201,900112,ทัพหลวง,19.53722538649309,อ้อยตุลาคม,ทราย ,49.16,ทัพหลวง,2.726403580146461,อ้อยตอ 1,ทราย ,49.16,ทัพหลวง,,พักดิน,ทราย,,น้ำเสริม (1-3 ครั้ง),11.131814483319776,49.16,4.042711737428746,290.17031072107176,1.0
202,900116,ทัพหลวง,12.04264705882353,อ้อยตุลาคม,ทราย ,34.0,ทัพหลวง,3.189324817518248,อ้อยตอ 1,ทราย ,21.92,ทัพหลวง,,พักดิน,ทราย,,น้ำเสริม (1-3 ครั้ง),7.615985938170889,27.96,0.5268831922798594,625.0111245447753,0.14189126701457433
203,900117,ทัพหลวง,14.89083820662768,อ้อยตุลาคม,ทราย ,10.26,ทัพหลวง,6.76803118908382,อ้อยตอ 1,ทราย ,10.26,ทัพหลวง,,พักดิน,ทราย,,น้ำเสริม (1-3 ครั้ง),10.829434697855751,10.26,3.7403319519647216,318.96838552716935,1.0
204,917127,เขาประทุน,15.017703960576748,อ้อยน้ำราด,เหนียว,54.79,เขาประทุน,11.504289103851068,อ้อยตอ 1,เหนียว,54.79,เขาประทุน,8.385498269265804,อ้อยตอ 2,เหนียว,54.89,ชลประทาน (> 3 ครั้ง),11.63583044456454,54.82333333333333,4.546727698673511,242.1687906025228,1.0
205,917128,เขาประทุน,13.341848234410218,อ้อยน้ำราด,เหนียว,39.93,เขาประทุน,10.348610067618331,อ้อยตอ 1,เหนียว,39.93,เขาประทุน,10.071049304677624,อ้อยตอ 2,เหนียว,39.55,ชลประทาน (> 3 ครั้ง),11.253835868902058,39.803333333333335,4.164733123011029,278.549226379902,1.0
206,917129,เขาประทุน,17.374948833401557,อ้อยน้ำราด,ทราย ,24.43,เขาประทุน,10.420794105607856,อ้อยตอ 1,เหนียว,24.43,เขาประทุน,9.304134261154315,อ้อยตอ 2,เหนียว,24.43,ชลประทาน (> 3 ครั้ง),12.366625733387911,24.429999999999996,5.277522987496882,172.56923928601125,1.0
207,917130,เขาประทุน,13.867945823927766,อ้อยตุลาคม,ทราย ,8.86,เขาประทุน,9.424379232505643,อ้อยตอ 1,เหนียว,8.86,เขาประทุน,6.997701149425288,อ้อยตอ 2,เหนียว,8.7,น้ำเสริม (1-3 ครั้ง),10.096675401952899,8.806666666666667,3.0075726560618694,388.7549851369648,1.0
208,917131,เขาประทุน,12.251409618573796,อ้อยตอ 2,ทราย ,30.15,เขาประทุน,11.601665065642008,อ้อยน้ำราด,เหนียว,31.23,เขาประทุน,8.918589743589743,อ้อยตอ 1,เหนียว,31.2,ชลประทาน (> 3 ครั้ง),10.923888142601848,30.86,3.834785396710819,309.9728193608744,1.0
209,928119,หนองแก ,11.180599369085174,อ้อยตอ 1,ทราย ,25.36,หนองแก ,3.558359621451104,อ้อยตอ 2,ทราย ,25.36,หนองแก ,8.37539432176656,อ้อยน้ำราด,ทราย,25.36,ชลประทาน (> 3 ครั้ง),7.70478443743428,25.36,0.6156816915432506,616.5541246149285,0.15237401623774532
210,928125,หนองแก ,10.696907216494845,อ้อยตอ 1,ทราย ,9.7,หนองแก ,10.49381443298969,อ้อยน้ำราด,ทราย ,9.7,หนองแก ,9.32783505154639,อ้อยตอ 1,ทราย,9.7,น้ำเสริม (1-3 ครั้ง),10.172852233676975,9.7,3.083749487785946,381.50004878229083,1.0
211,928126,หนองแก ,10.442332896461336,อ้อยตอ 1,ทราย ,15.26,หนองแก ,8.271297509829619,อ้อยน้ำราด,ทราย ,15.26,หนองแก ,8.277633289986996,อ้อยตอ 1,ทราย,15.38,น้ำเสริม (1-3 ครั้ง),8.997087898759316,15.299999999999999,1.907985152868287,493.4776044887346,0.35818494034175186
212,928127,หนองแก ,10.973280943025545,อ้อยตอ 1,ทราย ,25.45,หนองแก ,7.9245579567779965,อ้อยน้ำราด,ทราย ,25.45,หนองแก ,5.997248427672956,อ้อยตอ 1,ทราย,25.44,น้ำเสริม (1-3 ครั้ง),8.298362442492165,25.44666666666667,1.2092596966011353,560.0228860379871,0.2352144182305484
213,928128,หนองแก ,13.120343839541547,อ้อยน้ำราด,ทราย ,20.94,หนองแก ,3.292741165234002,อ้อยตอ 1,ทราย ,20.94,หนองแก ,,พักดิน,ทราย,,น้ำเสริม (1-3 ครั้ง),8.206542502387775,20.94,1.1174397564967453,568.7676422384052,0.2209799504766493
214,928130,หนองแก ,10.881694644284572,อ้อยน้ำราด,ทราย ,12.51,หนองแก ,4.972821742605915,อ้อยตอ 1,ทราย ,12.51,หนองแก ,4.679407176287051,อ้อยตอ 2,ทราย,12.82,ชลประทาน (> 3 ครั้ง),6.844641187725846,12.613333333333335,0.0,675.1904761904761,0.07110868560635336
215,928131,หนองแก ,14.469554300062772,อ้อยตุลาคม,ทราย ,15.93,หนองแก ,6.030759573132454,อ้อยตอ 1,ทราย ,15.93,หนองแก ,5.6798780487804885,อ้อยตอ 2,ทราย,16.4,ชลประทาน (> 3 ครั้ง),8.726730640658571,16.086666666666666,1.637627894767542,519.2259147840437,0.30782816905082055
216,928132,หนองแก ,13.877275091003638,อ้อยตุลาคม,ทราย ,19.23,หนองแก ,6.9074362974518975,อ้อยตอ 1,ทราย ,19.23,หนองแก ,,อ้อยตอ 2,ทราย,0.0,ชลประทาน (> 3 ครั้ง),10.392355694227767,12.82,3.3032529483367377,360.5949573012631,1.0
217,928101,หนองแก ,13.953287197231834,อ้อยน้ำราด,ทราย ,23.12,หนองแก ,10.577422145328718,อ้อยตอ 1,ทราย ,23.12,หนองแก ,9.701124567474048,อ้อยตอ 2,ทราย,23.12,ชลประทาน (> 3 ครั้ง),11.410611303344867,23.12,4.321508557453837,263.61823262344404,1.0
218,928102,หนองแก ,8.683865999229882,อ้อยตอ 1,ทราย ,25.97,หนองแก ,6.946861763573354,อ้อยต้นฝน,เหนียว,25.97,หนองแก ,9.86066204772902,อ้อยตอ 1,ทราย,25.98,ชลประทาน (> 3 ครั้ง),8.497129936844084,25.973333333333333,1.4080271909530548,541.0926484806614,0.26769214498663485
219,928103,หนองแก ,13.87408585055644,อ้อยน้ำราด,ทราย ,31.45,หนองแก ,9.36279809220986,อ้อยตอ 1,ทราย ,31.45,หนองแก ,12.69431204321576,อ้อยน้ำราด,ทราย,31.47,ชลประทาน (> 3 ครั้ง),11.977065328660686,31.456666666666667,4.8879625827696564,209.67023021241368,1.0
220,928105,หนองแก ,14.088607594936708,อ้อยตุลาคม,ทราย ,13.43,หนองแก ,4.929262844378258,อ้อยตอ 1,ทราย ,13.43,หนองแก ,8.727681920480121,อ้อยน้ำราด,ทราย,13.33,ชลประทาน (> 3 ครั้ง),9.248517453265029,13.396666666666667,2.1594147073739993,469.53193263104765,0.40736680703434214
221,928106,หนองแก ,10.292735042735044,อ้อยตอ 1,ทราย ,9.36,หนองแก ,3.498931623931624,อ้อยตอ 2,ทราย ,9.36,หนองแก ,6.774813233724654,อ้อยน้ำราด,ทราย,9.37,ชลประทาน (> 3 ครั้ง),6.855493300130441,9.363333333333332,0.0,675.1904761904761,0.07186839579147523
222,928108,หนองแก ,6.776488785769529,อ้อยตอ 1,ทราย ,25.86,หนองแก ,0.685614849187935,อ้อยตอ 2,ทราย ,25.86,หนองแก ,,พักดิน,ทราย,,น้ำเสริม (1-3 ครั้ง),3.731051817478732,25.86,0.0,675.1904761904761,0.001088542054183867
223,928109,หนองแก ,18.646234676007005,อ้อยน้ำราด,ทราย ,17.13,หนองแก ,8.060128429655576,อ้อยตอ 1,ทราย ,17.13,หนองแก ,4.953125,อ้อยตอ 2,ทราย,17.28,น้ำเสริม (1-3 ครั้ง),10.553162701887528,17.18,3.4640599559964986,345.2800041908096,1.0
224,928104,หนองแก ,12.009317803660563,อ้อยตอ 1,เหนียว,30.05,หนองแก ,5.608985024958402,อ้อยตอ 2,เหนียว,30.05,หนองแก ,6.648585690515808,อ้อยน้ำราด,ทราย,30.05,ชลประทาน (> 3 ครั้ง),8.088962839711591,30.05,0.999860093820562,579.9657053504227,0.20349288268687044
225,928110,หนองแก ,13.352346278317151,อ้อยตอ 1,ทราย ,24.72,หนองแก ,6.943770226537217,อ้อยตอ 2,ทราย ,24.72,หนองแก ,10.185696871190574,อ้อยน้ำราด,ทราย,24.61,น้ำเสริม (1-3 ครั้ง),10.160604458681647,24.683333333333334,3.0715017127906172,382.6665035437507,1.0
226,928111,หนองแก ,8.701076320939334,อ้อยตอ 1,ทราย ,20.44,หนองแก ,3.481898238747554,อ้อยตอ 2,ทราย ,20.44,หนองแก ,4.726161369193154,อ้อยน้ำราด,ทราย,20.45,น้ำฝน,5.636378642960014,20.44333333333333,0.0,675.1904761904761,0.01842337322902744
227,928112,หนองแก ,16.887385740402195,อ้อยตุลาคม,เหนียว,27.35,หนองแก ,8.609140767824496,อ้อยตอ 1,เหนียว,27.35,หนองแก ,7.041786743515849,อ้อยตอ 2,ทราย,27.76,น้ำเสริม (1-3 ครั้ง),10.846104417247512,27.486666666666668,3.757001671356482,317.38079320414454,1.0
228,928113,หนองแก ,11.2972,อ้อยน้ำราด,เหนียว,25.0,หนองแก ,8.2532,อ้อยตอ 1,เหนียว,25.0,หนองแก ,5.1152,อ้อยตอ 2,ทราย,25.0,น้ำเสริม (1-3 ครั้ง),8.221866666666665,25.0,1.132763920775636,567.308198021368,0.22332074432006643
229,928114,หนองแก ,14.711784193090397,อ้อยน้ำราด,เหนียว,21.13,หนองแก ,8.501183151916706,อ้อยตอ 1,เหนียว,21.13,หนองแก ,5.230769230769231,อ้อยตอ 2,ทราย,20.67,น้ำเสริม (1-3 ครั้ง),9.481245525258776,20.976666666666667,2.392142779367747,447.36735434592885,0.4542513352264489
230,928124,หนองแก ,15.753391209983723,อ้อยตุลาคม,ทราย ,36.86,หนองแก ,5.391481280520891,อ้อยตอ 1,ทราย ,36.86,หนองแก ,8.00293020777837,อ้อยน้ำราด,ทราย,37.54,น้ำเสริม (1-3 ครั้ง),9.715934232760995,37.086666666666666,2.626831486869966,425.016048869527,1.0
231,928141,หนองแก ,10.46539712029726,อ้อยน้ำราด,ทราย ,21.53,หนองแก ,4.5587552252670696,อ้อยตอ 1,ทราย ,21.53,หนองแก ,4.651789865178986,อ้อยน้ำราด,ทราย,21.51,ชลประทาน (> 3 ครั้ง),6.558647403581105,21.523333333333337,0.0,675.1904761904761,0.053230440570297986
232,926101,หนองกระทิง ,13.85848252344416,อ้อยตอ 2,เหนียว,35.19,หนองกระทิง ,7.284455811310031,อ้อยตอ 3,เหนียว,35.19,หนองกระทิง ,7.882068769536803,อ้อยน้ำราด,เหนียว,35.19,ชลประทาน (> 3 ครั้ง),9.675002368096997,35.19,2.585899622205968,428.9143216946697,0.49380691259706083
233,926103,หนองกระทิง ,13.393294648613798,อ้อยตอ 1,เหนียว,31.02,หนองกระทิง ,11.188910380399744,อ้อยตอ 2,เหนียว,31.02,หนองกระทิง ,5.793036750483558,อ้อยตอ 3,เหนียว,31.02,ชลประทาน (> 3 ครั้ง),10.1250805931657,31.02,3.035977847274671,386.0497288309837,1.0
234,926107,หนองกระทิง ,18.76829268292683,อ้อยตอ 1,เหนียว,4.92,หนองกระทิง ,4.774390243902439,อ้อยตอ 2,เหนียว,4.92,หนองกระทิง ,,อ้อยน้ำราด,เหนียว,0.0,น้ำเสริม (1-3 ครั้ง),11.771341463414634,3.28,4.682238717523605,229.2629792834662,1.0
235,926108,หนองกระทิง ,20.285714285714285,อ้อยตอ 1,เหนียว,6.86,หนองกระทิง ,15.762390670553934,อ้อยตอ 2,เหนียว,6.86,หนองกระทิง ,4.604379562043796,อ้อยน้ำราด,เหนียว,6.85,น้ำเสริม (1-3 ครั้ง),13.550828172770672,6.8566666666666665,6.461725426879642,59.78805458289123,1.0
236,926109,หนองกระทิง ,13.82302373388152,อ้อยตอ 2,เหนียว,53.51,หนองกระทิง ,8.95477480844702,อ้อยตอ 3,เหนียว,53.51,หนองกระทิง ,8.509297912713471,อ้อยน้ำราด,เหนียว,52.7,ชลประทาน (> 3 ครั้ง),10.429032151680671,53.24,3.3399294057896416,357.10196135336747,1.0
237,926119,หนองกระทิง ,14.721398305084746,อ้อยตอ 1,เหนียว,9.44,หนองกระทิง ,6.8389830508474585,อ้อยตอ 2,เหนียว,9.44,หนองกระทิง ,3.596923076923077,อ้อยน้ำราด,เหนียว,9.75,น้ำเสริม (1-3 ครั้ง),8.385768144285093,9.543333333333333,1.2966653983940635,551.6985334862796,0.24922208616083275
238,926121,หนองกระทิง ,12.245027844073189,อ้อยตอ 1,เหนียว,25.14,หนองกระทิง ,8.103420843277645,อ้อยตอ 2,เหนียว,25.14,หนองกระทิง ,6.872734436564224,อ้อยน้ำราด,เหนียว,25.38,น้ำเสริม (1-3 ครั้ง),9.073727707971685,25.22,1.9846249620806553,486.1785750399376,0.37297048734889315
239,926122,หนองกระทิง ,18.228358208955225,อ้อยตอ 1,เหนียว,13.4,หนองกระทิง ,8.361940298507461,อ้อยตอ 2,เหนียว,13.4,หนองกระทิง ,9.91430646332607,อ้อยน้ำราด,เหนียว,13.77,น้ำเสริม (1-3 ครั้ง),12.168201656929584,13.523333333333333,5.079098911038555,191.46677037728048,1.0
240,926118,หนองกระทิง ,15.057607739665787,อ้อยตอ 1,เหนียว,22.74,หนองกระทิง ,8.938434476693052,อ้อยตอ 2,เหนียว,22.74,หนองกระทิง ,10.94760213143872,อ้อยน้ำราด,เหนียว,22.52,น้ำเสริม (1-3 ครั้ง),11.647881449265853,22.666666666666668,4.5587787033748235,241.02107586906442,1.0
241,926117,หนองกระทิง ,14.52471482889734,อ้อยตอ 1,เหนียว,21.04,หนองกระทิง ,10.613593155893536,อ้อยตอ 2,เหนียว,21.04,หนองกระทิง ,8.169059749884205,อ้อยน้ำราด,เหนียว,21.59,น้ำเสริม (1-3 ครั้ง),11.10245591155836,21.223333333333333,4.013353165667331,292.96636517453993,1.0
242,926116,หนองกระทิง ,16.573829531812724,อ้อยตอ 1,เหนียว,8.33,หนองกระทิง ,11.021608643457384,อ้อยตอ 2,เหนียว,8.33,หนองกระทิง ,,อ้อยตอ 3,เหนียว,0.0,น้ำเสริม (1-3 ครั้ง),13.797719087635054,5.553333333333334,6.708616341744024,36.27463411961674,1.0
243,926115,หนองกระทิง ,14.189443920829405,อ้อยตอ 1,เหนียว,21.22,หนองกระทิง ,8.793119698397739,อ้อยตอ 2,เหนียว,21.22,หนองกระทิง ,,อ้อยตอ 3,เหนียว,0.0,น้ำเสริม (1-3 ครั้ง),11.491281809613572,14.146666666666667,4.402179063722542,255.9353272645198,1.0
244,926113,หนองกระทิง ,11.094379639448569,อ้อยตอ 2,เหนียว,9.43,หนองกระทิง ,9.118769883351009,อ้อยตอ 3,เหนียว,9.43,หนองกระทิง ,10.632075471698116,อ้อยน้ำราด,เหนียว,9.54,น้ำเสริม (1-3 ครั้ง),10.281741664832564,9.466666666666667,3.192638918941535,371.12962676747287,1.0
245,926114,หนองกระทิง ,10.951583980872684,อ้อยตอ 2,เหนียว,16.73,หนองกระทิง ,13.257621040047818,อ้อยน้ำราด,เหนียว,16.73,หนองกระทิง ,6.128511655708309,อ้อยตอ 1,เหนียว,16.73,น้ำเสริม (1-3 ครั้ง),10.112572225542936,16.73,3.023469479651906,387.24100193791367,1.0
246,926110,หนองกระทิง ,11.886363636363637,อ้อยตอ 2,เหนียว,15.84,หนองกระทิง ,7.828914141414141,อ้อยตอ 3,เหนียว,15.84,หนองกระทิง ,4.512556342562782,อ้อยตอ 4,เหนียว,15.53,ชลประทาน (> 3 ครั้ง),8.075944706780186,15.736666666666666,0.9868419608891568,581.205527534366,0.20160885187814354
247,926104,หนองกระทิง ,15.634453781512605,อ้อยตอ 1,เหนียว,30.94,หนองกระทิง ,10.003232062055591,อ้อยตอ 2,เหนียว,30.94,หนองกระทิง ,6.87879767291532,อ้อยตอ 3,เหนียว,30.94,ชลประทาน (> 3 ครั้ง),10.83882783882784,30.94,3.74972509293681,318.07380067268474,1.0
248,926120,หนองกระทิง ,12.610793832095943,อ้อยตอ 1,เหนียว,35.02,หนองกระทิง ,6.420616790405482,อ้อยตอ 2,เหนียว,35.02,หนองกระทิง ,3.008013737836291,อ้อยน้ำราด,เหนียว,34.94,น้ำเสริม (1-3 ครั้ง),7.346474786779239,34.99333333333333,0.2573720408882094,650.6788532487419,0.11311487749992549
249,926106,หนองกระทิง ,20.36327739387956,อ้อยตอ 1,เหนียว,20.26,หนองกระทิง ,8.771964461994077,อ้อยตอ 2,เหนียว,20.26,หนองกระทิง ,,อ้อยน้ำราด,เหนียว,0.0,น้ำเสริม (1-3 ครั้ง),14.567620927936819,13.506666666666668,7.478518182045789,0.0,1.0
250,926124,หนองกระทิง ,13.804483837330553,อ้อยตอ 2,เหนียว,19.18,หนองกระทิง ,9.948383733055264,อ้อยน้ำราด,เหนียว,19.18,หนองกระทิง ,,อ้อยตอ 1,เหนียว,0.0,น้ำเสริม (1-3 ครั้ง),11.876433785192908,12.786666666666667,4.787331039301879,219.25418673315437,1.0
251,926123,หนองกระทิง ,12.466145833333336,อ้อยตอ 2,เหนียว,19.2,หนองกระทิง ,7.259895833333334,อ้อยน้ำราด,เหนียว,19.2,หนองกระทิง ,,อ้อยตอ 1,เหนียว,0.0,น้ำเสริม (1-3 ครั้ง),9.863020833333335,12.799999999999999,2.773918087442306,411.00780119597084,1.0
252,926125,หนองกระทิง ,10.35018050541516,อ้อยตอ 2,เหนียว,16.62,หนองกระทิง ,5.873345367027677,อ้อยต้นฝน,เหนียว,16.62,หนองกระทิง ,10.612808460634549,อ้อยตอ 1,เหนียว,17.02,น้ำเสริม (1-3 ครั้ง),8.945444777692463,16.753333333333334,1.856342031801434,498.395996971292,0.34833887113507833
253,913104,หนองมะค่า ,7.584319526627219,อ้อยตอ 2,เหนียว,13.52,หนองมะค่า ,22.11813393528969,อ้อยน้ำราด,เหนียว,13.29,หนองมะค่า ,7.218499635833941,อ้อยตอ 1,เหนียว,13.73,ชลประทาน (> 3 ครั้ง),12.306984365916952,13.513333333333334,5.217881620025922,178.24936952134072,1.0
254,913101,หนองมะค่า ,10.736842105263158,อ้อยตอ 2,เหนียว,15.2,หนองมะค่า ,10.982236842105264,อ้อยตอ 3,เหนียว,15.2,หนองมะค่า ,3.935568704799474,อ้อยน้ำราด,เหนียว,15.21,ชลประทาน (> 3 ครั้ง),8.551549217389299,15.203333333333333,1.4624464714982697,535.9098598573077,0.2769624062422309
255,913103,หนองมะค่า ,6.449841605068637,อ้อยตอ 2,เหนียว,9.47,หนองมะค่า ,7.176408076514346,อ้อยน้ำราด,เหนียว,9.41,หนองมะค่า ,10.738120380147834,อ้อยตอ 1,เหนียว,9.47,ชลประทาน (> 3 ครั้ง),8.121456687243606,9.450000000000001,1.0323539413525769,576.8710532045164,0.20824110028602888
256,913102,หนองมะค่า ,9.211184694628404,อ้อยตอ 2,เหนียว,13.59,หนองมะค่า ,18.863870493009568,อ้อยตอ 3,เหนียว,13.59,หนองมะค่า ,7.19131714495953,อ้อยตอ 4,เหนียว,13.59,ชลประทาน (> 3 ครั้ง),11.755457444199166,13.589999999999998,4.666354698308137,230.7757430182727,1.0
257,913112,หนองมะค่า ,10.594713656387665,อ้อยตอ 2,เหนียว,9.08,หนองมะค่า ,3.3281938325991187,อ้อยตอ 3,เหนียว,9.08,หนองมะค่า ,4.674351585014409,อ้อยน้ำราด,เหนียว,6.94,,6.199086358000398,8.366666666666667,0.0,675.1904761904761,0.03602734997193492
258,913110,หนองมะค่า ,11.456866804692892,อ้อยตอ 2,เหนียว,28.98,หนองมะค่า ,6.2747321991178335,อ้อยน้ำราด,เหนียว,15.87,หนองมะค่า ,6.512674271229404,อ้อยตอ 1,เหนียว,15.78,ชลประทาน (> 3 ครั้ง),8.081424425013376,20.21,0.9923216791223464,580.6836496073955,0.2024006195077342
259,913113,หนองมะค่า ,5.622988505747127,อ้อยตอ 2,เหนียว,17.4,หนองมะค่า ,3.7488505747126433,อ้อยตอ 3,เหนียว,17.4,หนองมะค่า ,7.152445961319683,อ้อยตอ 4,เหนียว,17.58,ชลประทาน (> 3 ครั้ง),5.508095013926485,17.459999999999997,0.0,675.1904761904761,0.015648678115067316
260,913115,หนองมะค่า ,8.446808510638297,อ้อยตอ 1,เหนียว,10.81,หนองมะค่า ,3.172987974098057,อ้อยต้นฝน,เหนียว,10.81,หนองมะค่า ,5.970220941402498,อ้อยตอ 1,เหนียว,10.41,ชลประทาน (> 3 ครั้ง),5.863339142046283,10.676666666666668,0.0,675.1904761904761,0.024360758796588913
261,913114,หนองมะค่า ,9.234279354479687,อ้อยตอ 1,เหนียว,17.97,หนองมะค่า ,7.240957150806901,อ้อยต้นฝน,เหนียว,17.97,หนองมะค่า ,3.686908077994429,อ้อยตอ 1,เหนียว,17.95,ชลประทาน (> 3 ครั้ง),6.720714861093672,17.963333333333335,0.0,675.1904761904761,0.06286474685514586
262,913116,หนองมะค่า ,13.06934628975265,อ้อยตอ 2,เหนียว,22.64,หนองมะค่า ,8.611749116607772,อ้อยตอ 3,เหนียว,22.64,หนองมะค่า ,9.351148409893993,อ้อยน้ำราด,เหนียว,22.64,ชลประทาน (> 3 ครั้ง),10.344081272084805,22.64,3.254978526193776,365.1925213148785,1.0
263,913108,หนองมะค่า ,9.643218033424018,อ้อยตอ 1,เหนียว,77.19,หนองมะค่า ,9.61976940018137,อ้อยตอ 2,เหนียว,77.19,หนองมะค่า ,8.247278382581648,อ้อยน้ำราด,เหนียว,77.16,ชลประทาน (> 3 ครั้ง),9.170088605395678,77.17999999999999,2.080985859504649,477.00134671384296,0.3918271046944644
264,913106,หนองมะค่า ,9.70392584514722,อ้อยน้ำราด,เหนียว,18.34,หนองมะค่า ,9.020485175202158,อ้อยน้ำราด,เหนียว,18.55,หนองมะค่า ,6.991223258365332,อ้อยตอ 1,เหนียว,18.23,ชลประทาน (> 3 ครั้ง),8.571878092904903,18.373333333333335,1.4827753470138738,533.9737764748692,0.28046528688909095
265,913105,หนองมะค่า ,9.763978811065332,อ้อยน้ำราด,เหนียว,16.99,หนองมะค่า ,4.172985781990522,อ้อยน้ำราด,เหนียว,16.88,หนองมะค่า ,7.267740011926058,อ้อยตอ 1,เหนียว,16.77,ชลประทาน (> 3 ครั้ง),7.068234868327305,16.88,0.0,675.1904761904761,0.08804804047319215
266,913109,หนองมะค่า ,8.535040431266845,อ้อยตอ 2,เหนียว,14.84,หนองมะค่า ,16.955040871934603,อ้อยน้ำราด,เหนียว,14.68,หนองมะค่า ,10.561904761904763,อ้อยตอ 1,เหนียว,14.7,ชลประทาน (> 3 ครั้ง),12.017328688368737,14.74,4.928225942477708,205.8356245259326,1.0
267,910101,หนองปรือ,13.098012337217272,อ้อยตอ 1,ทราย ,29.18,หนองปรือ,9.185400959561344,อ้อยตอ 2,ทราย ,29.18,หนองปรือ,,พักดิน,ทราย,,น้ำเสริม (1-3 ครั้ง),11.141706648389308,29.18,4.052603902498278,289.22819976206875,1.0
268,910103,หนองปรือ,13.012553495007134,อ้อยตอ 1,ทราย ,35.05,หนองปรือ,3.558059914407989,อ้อยตอ 2,ทราย ,35.05,หนองปรือ,,พักดิน,ทราย,,น้ำเสริม (1-3 ครั้ง),8.285306704707562,35.05,1.1962039588165325,561.2662896365207,0.23316006813468027
269,910104,หนองปรือ,10.564606741573034,อ้อยตอ 1,ทราย ,17.8,หนองปรือ,10.964044943820223,อ้อยน้ำราด,ทราย ,17.8,หนองปรือ,5.6563205417607225,อ้อยตอ 1,ทราย,17.72,ชลประทาน (> 3 ครั้ง),9.061657409051326,17.773333333333333,1.972554663160297,487.32812731806695,0.3706287537849585
270,910105,หนองปรือ,12.548587841072282,อ้อยน้ำราด,ทราย ,20.89,หนองปรือ,9.327429392053611,อ้อยตอ 1,ทราย ,20.89,หนองปรือ,6.449492508458192,อ้อยตอ 2,ทราย,20.69,,9.441836580528028,20.823333333333334,2.3527338346369984,451.1205871774287,0.44624847651224114
271,910106,หนองปรือ,11.434086242299792,อ้อยน้ำราด,ทราย ,24.35,หนองปรือ,8.08747433264887,อ้อยตอ 1,ทราย ,24.35,หนองปรือ,5.954414784394251,อ้อยตอ 2,ทราย,24.35,,8.491991786447636,24.350000000000005,1.402889040556607,541.5819961374659,0.2668250145518195
272,910107,หนองปรือ,6.070733863837312,อ้อยตอ 2,ทราย ,11.31,หนองปรือ,9.108171941426548,อ้อยน้ำราด,ทราย ,21.17,หนองปรือ,3.3795724465558195,อ้อยตอ 1,ทราย,21.05,ชลประทาน (> 3 ครั้ง),6.186159417273227,17.843333333333334,0.0,675.1904761904761,0.03550572355023243
273,910108,หนองปรือ,9.644254892122428,อ้อยตอ 2,ทราย ,19.93,หนองปรือ,8.22376493380691,อ้อยน้ำราด,ทราย ,30.97,หนองปรือ,4.723552894211577,อ้อยตอ 1,ทราย,30.06,ชลประทาน (> 3 ครั้ง),7.530524240046972,26.986666666666665,0.4414214941559429,633.1503338899101,0.13227416320594287
274,910110,หนองปรือ,10.870734421364984,อ้อยตอ 1,เหนียว,53.92,หนองปรือ,7.0370919881305625,อ้อยตอ 2,เหนียว,53.92,หนองปรือ,5.712528193561616,อ้อยน้ำราด,เหนียว,48.77,ชลประทาน (> 3 ครั้ง),7.873451534352388,52.20333333333334,0.7843487884613589,600.4905915751086,0.17366690971868254
275,910112,หนองปรือ,6.433082341510809,อ้อยน้ำราด,เหนียว,41.17,หนองปรือ,15.51056594607724,อ้อยน้ำราด,เหนียว,41.17,หนองปรือ,11.505853658536584,อ้อยตอ 1,เหนียว,41.0,ชลประทาน (> 3 ครั้ง),11.149833982041542,41.11333333333334,4.060731236150513,288.45416798566544,1.0
276,910111,หนองปรือ,11.232810615199035,อ้อยตอ 1,เหนียว,24.87,หนองปรือ,7.766787293928426,อ้อยตอ 2,เหนียว,24.87,หนองปรือ,2.756789137380192,อ้อยตอ 3,เหนียว,25.04,ชลประทาน (> 3 ครั้ง),7.252129015502551,24.926666666666666,0.1630262696115219,659.6641647989027,0.10410002827423787
277,910113,หนองปรือ,9.80487148432243,อ้อยตอ 1,เหนียว,148.62,หนองปรือ,5.924640021531421,อ้อยตอ 2,เหนียว,148.62,หนองปรือ,5.465358527131783,อ้อยน้ำราด,เหนียว,123.84,ชลประทาน (> 3 ครั้ง),7.064956677661878,140.36,0.0,675.1904761904761,0.08777965731943377
278,910116,หนองปรือ,5.110288065843621,อ้อยตอ 2,ทราย ,12.150000000000002,หนองปรือ,7.521464226289517,อ้อยตุลาคม,ทราย ,30.05,หนองปรือ,5.474644549763032,อ้อยตอ 1,ทราย,42.2,ชลประทาน (> 3 ครั้ง),6.03546561396539,28.133333333333336,0.0,675.1904761904761,0.029869525513727634
279,910117,หนองปรือ,6.811,อ้อยตอ 2,ทราย ,10.0,หนองปรือ,12.821008403361343,อ้อยตุลาคม,ทราย ,11.9,หนองปรือ,6.327261687917426,อ้อยตอ 1,ทราย,16.47,ชลประทาน (> 3 ครั้ง),8.653090030426256,12.79,1.5639872845352265,526.2393062347403,0.294668961652925
280,910118,หนองปรือ,9.421,อ้อยตอ 2,ทราย ,10.0,หนองปรือ,12.420902612826604,อ้อยน้ำราด,ทราย ,21.05,หนองปรือ,4.583992554676594,อ้อยตอ 1,ทราย,21.49,ชลประทาน (> 3 ครั้ง),8.808631722501065,17.513333333333332,1.719528976610036,511.42581175142516,0.3227587508742028
281,910119,หนองปรือ,15.79073482428115,อ้อยน้ำราด,ทราย ,6.26,หนองปรือ,9.670926517571884,อ้อยตอ 1,ทราย ,6.26,หนองปรือ,9.819571865443423,อ้อยน้ำราด,ทราย,6.54,ชลประทาน (> 3 ครั้ง),11.76041106909882,6.353333333333333,4.671308323207791,230.3039692183056,1.0
282,910120,หนองปรือ,8.741562381494122,อ้อยตอ 2,ทราย ,52.74,หนองปรือ,10.415555555555557,อ้อยน้ำราด,ทราย ,45.0,หนองปรือ,8.015687015687016,อ้อยตอ 1,ทราย,52.91,ชลประทาน (> 3 ครั้ง),9.05760165091223,50.21666666666667,1.9684989050212014,487.7143899979808,0.3698429742395436
283,920111,ลำอีซู ,11.934871099050204,อ้อยตอ 1,ทราย ,22.11,ลำอีซู ,5.819990954319313,อ้อยตอ 2,ทราย ,22.11,ลำอีซู ,7.06808510638298,อ้อยน้ำราด,ทราย,21.15,ชลประทาน (> 3 ครั้ง),8.2743157199175,21.790000000000003,1.18521297402647,562.3130500927172,0.23143836224606507
284,920108,ลำอีซู ,9.71221405228758,อ้อยตอ 1,ทราย ,48.96,ลำอีซู ,6.550339715873997,อ้อยตอ 2,ทราย ,48.57,ลำอีซู ,,พักดิน,ทราย,,ชลประทาน (> 3 ครั้ง),8.131276884080789,48.765,1.0421741381897593,575.9357963628801,0.20968885536216147
285,920110,ลำอีซู ,11.14,อ้อยน้ำราด,ทราย ,12.0,ลำอีซู ,2.107441755258991,อ้อยตอ 1,ทราย ,44.21,ลำอีซู ,,พักดิน,ทราย,,ชลประทาน (> 3 ครั้ง),6.623720877629496,28.105,0.0,675.1904761904761,0.0569479084702447
286,920106,ลำอีซู ,9.718268090154211,อ้อยตอ 1,ทราย ,67.44,ลำอีซู ,7.852758007117439,อ้อยตอ 2,ทราย ,67.44,ลำอีซู ,10.836963007159904,อ้อยน้ำราด,ทราย,67.04,ชลประทาน (> 3 ครั้ง),9.469329701477184,67.30666666666667,2.3802269555861546,448.5021947060805,0.4518294520323556
287,920103,ลำอีซู ,12.41271162919789,อ้อยตุลาคม,ทราย ,36.03,ลำอีซู ,1.324764353041988,อ้อยตอ 1,ทราย ,23.340000000000003,ลำอีซู ,7.757155247181267,อ้อยตุลาคม,ทราย,11.53,น้ำเสริม (1-3 ครั้ง),7.164877076473715,23.633333333333336,0.07577433058268568,667.9738732778394,0.0962373621975452
288,920102,ลำอีซู ,11.662594776748106,อ้อยตุลาคม,ทราย ,23.74,ลำอีซู ,2.640690817186184,อ้อยตอ 1,ทราย ,23.74,ลำอีซู ,,พักดิน,ทราย,,น้ำเสริม (1-3 ครั้ง),7.151642796967145,23.74,0.06254005107611604,669.2342808498937,0.09508393811267074
289,919103,ทุ่งโป่ง ,8.115072933549433,อ้อยตอ 1,เหนียว,24.68,ทุ่งโป่ง ,8.927095990279465,อ้อยน้ำราด,ทราย ,24.69,ทุ่งโป่ง ,8.309842041312272,อ้อยตอ 1,ทราย,24.69,ชลประทาน (> 3 ครั้ง),8.450670321713723,24.686666666666667,1.3615675758226935,545.517373731172,0.2599034718545401
290,919104,ทุ่งโป่ง ,6.515399610136454,อ้อยตอ 1,เหนียว,25.65,ทุ่งโป่ง ,11.346986089644512,อ้อยน้ำราด,เหนียว,25.88,ทุ่งโป่ง ,8.111499611499612,อ้อยตอ 1,เหนียว,25.74,ชลประทาน (> 3 ครั้ง),8.657961770426859,25.756666666666664,1.5688590245358291,525.7753309965876,0.2955314573450475
291,919105,ทุ่งโป่ง ,6.974960876369327,อ้อยตอ 1,เหนียว,19.17,ทุ่งโป่ง ,9.829931972789115,อ้อยน้ำราด,เหนียว,19.11,ทุ่งโป่ง ,7.229938271604938,อ้อยตอ 1,เหนียว,19.44,ชลประทาน (> 3 ครั้ง),8.011610373587793,19.24,0.9225076276967634,587.3326068860225,0.19245261231141048
292,919109,ทุ่งโป่ง ,8.774257425742574,อ้อยตอ 2,เหนียว,15.15,ทุ่งโป่ง ,12.420386409060624,อ้อยน้ำราด,เหนียว,15.01,ทุ่งโป่ง ,11.270252324037186,อ้อยตอ 1,เหนียว,15.06,ชลประทาน (> 3 ครั้ง),10.821632052946795,15.073333333333332,3.7325293070557652,319.7114945661176,1.0
293,919108,ทุ่งโป่ง ,13.106197897789055,อ้อยตอ 1,เหนียว,27.59,ทุ่งโป่ง ,6.420804639362088,อ้อยตอ 2,เหนียว,27.59,ทุ่งโป่ง ,8.324010170722849,อ้อยน้ำราด,เหนียว,27.53,ชลประทาน (> 3 ครั้ง),9.283670902624664,27.570000000000004,2.1945681567336344,466.1839850729872,0.414381228278236
294,919107,ทุ่งโป่ง ,12.801753531417434,อ้อยตอ 1,เหนียว,20.53,ทุ่งโป่ง ,11.220097487814025,อ้อยน้ำราด,เหนียว,26.67,ทุ่งโป่ง ,13.00787401574803,อ้อยตอ 1,เหนียว,26.67,ชลประทาน (> 3 ครั้ง),12.343241678326498,24.623333333333335,5.254138932435469,174.796292149003,1.0
295,919106,ทุ่งโป่ง ,11.862068965517242,อ้อยตอ 1,เหนียว,17.11,ทุ่งโป่ง ,8.611922852133254,อ้อยตอ 2,เหนียว,17.11,ทุ่งโป่ง ,8.070642733063115,อ้อยน้ำราด,เหนียว,17.27,ชลประทาน (> 3 ครั้ง),9.514878183571204,17.16333333333333,2.4257754376801746,444.16424403045954,0.46109603955018263
296,919117,ทุ่งโป่ง ,6.809137055837563,อ้อยตอ 2,เหนียว,19.7,ทุ่งโป่ง ,13.802882141019042,อ้อยน้ำราด,เหนียว,19.43,ทุ่งโป่ง ,12.966309341500766,อ้อยตอ 1,เหนียว,19.59,ชลประทาน (> 3 ครั้ง),11.192776179452457,19.573333333333334,4.103673433561427,284.36443489891167,1.0
297,919118,ทุ่งโป่ง ,13.427858924118276,อ้อยตอ 3,เหนียว,56.14,ทุ่งโป่ง ,12.298648167911775,อ้อยน้ำราด,เหนียว,56.22,ทุ่งโป่ง ,11.677993239637075,อ้อยตอ 1,เหนียว,56.21,ชลประทาน (> 3 ครั้ง),12.468166777222374,56.19,5.379064031331344,162.8986636827291,1.0
298,919119,ทุ่งโป่ง ,11.300019018638263,อ้อยตอ 1,เหนียว,105.16,ทุ่งโป่ง ,8.84467469429665,อ้อยน้ำราด,เหนียว,107.13,ทุ่งโป่ง ,10.810578450612091,อ้อยตอ 1,เหนียว,107.01,ชลประทาน (> 3 ครั้ง),10.318424054515669,106.43333333333334,3.2293213086246393,367.6360658452724,1.0
